x,y,z,T,solid
0.069434197,0.083350204,0.00005,312.34498,1.0
0.069434197,0.08377431,0.00005,312.34493,1.0
0.069434197,0.084198417,0.00005,312.34487,1.0
0.069434197,0.084622524,0.00005,312.34482,1.0
0.069434197,0.08504663,0.00005,312.34475,1.0
0.069434197,0.085470737,0.00005,312.34467,1.0
0.069434197,0.085894843,0.00005,312.34452,1.0
0.069434197,0.08631895,0.00005,312.31495,0.0
0.069434197,0.086743057,0.00005,312.31436,0.0
0.069859791,0.083350204,0.00005,312.34497,1.0
0.069859791,0.08377431,0.00005,312.34492,1.0
0.069859791,0.084198417,0.00005,312.34486,1.0
0.069859791,0.084622524,0.00005,312.3448,1.0
0.069859791,0.08504663,0.00005,312.34473,1.0
0.069859791,0.085470737,0.00005,312.34464,1.0
0.069859791,0.085894843,0.00005,312.34447,1.0
0.069859791,0.08631895,0.00005,312.31466,0.0
0.069859791,0.086743057,0.00005,312.31432,0.0
0.070285384,0.083350204,0.00005,312.34496,1.0
0.070285384,0.08377431,0.00005,312.3449,1.0
0.070285384,0.084198417,0.00005,312.34484,1.0
0.070285384,0.084622524,0.00005,312.34478,1.0
0.070285384,0.08504663,0.00005,312.3447,1.0
0.070285384,0.085470737,0.00005,312.3446,1.0
0.070285384,0.085894843,0.00005,312.34437,1.0
0.070285384,0.08631895,0.00005,312.31461,0.0
0.070285384,0.086743057,0.00005,312.31429,0.0
0.070710978,0.083350204,0.00005,312.34494,1.0
0.070710978,0.08377431,0.00005,312.34488,1.0
0.070710978,0.084198417,0.00005,312.34482,1.0
0.070710978,0.084622524,0.00005,312.34475,1.0
0.070710978,0.08504663,0.00005,312.34466,1.0
0.070710978,0.085470737,0.00005,312.3445,1.0
0.070710978,0.085894843,0.00005,312.31493,0.0
0.070710978,0.08631895,0.00005,312.31433,0.0
0.070710978,0.086743057,0.00005,312.31427,0.0
0.071136572,0.083350204,0.00005,312.34492,1.0
0.071136572,0.08377431,0.00005,312.34485,1.0
0.071136572,0.084198417,0.00005,312.34479,1.0
0.071136572,0.084622524,0.00005,312.34471,1.0
0.071136572,0.08504663,0.00005,312.34462,1.0
0.071136572,0.085470737,0.00005,312.34439,1.0
0.071136572,0.085894843,0.00005,312.31465,0.0
0.071136572,0.08631895,0.00005,312.31457,0.0
0.071136572,0.086743057,0.00005,312.31454,0.0
0.071562166,0.083350204,0.00005,312.34488,1.0
0.071562166,0.08377431,0.00005,312.34482,1.0
0.071562166,0.084198417,0.00005,312.34475,1.0
0.071562166,0.084622524,0.00005,312.34467,1.0
0.071562166,0.08504663,0.00005,312.34453,1.0
0.071562166,0.085470737,0.00005,312.31522,0.0
0.071562166,0.085894843,0.00005,312.31488,0.0
0.071562166,0.08631895,0.00005,312.34421,1.0
0.071562166,0.086743057,0.00005,312.34425,1.0
0.071987759,0.083350204,0.00005,312.34484,1.0
0.071987759,0.08377431,0.00005,312.34477,1.0
0.071987759,0.084198417,0.00005,312.3447,1.0
0.071987759,0.084622524,0.00005,312.34462,1.0
0.071987759,0.08504663,0.00005,312.34453,1.0
0.071987759,0.085470737,0.00005,312.34438,1.0
0.071987759,0.085894843,0.00005,312.34431,1.0
0.071987759,0.08631895,0.00005,312.34431,1.0
0.071987759,0.086743057,0.00005,312.34424,1.0
0.072413353,0.083350204,0.00005,312.34478,1.0
0.072413353,0.08377431,0.00005,312.3447,1.0
0.072413353,0.084198417,0.00005,312.34462,1.0
0.072413353,0.084622524,0.00005,312.34454,1.0
0.072413353,0.08504663,0.00005,312.34446,1.0
0.072413353,0.085470737,0.00005,312.34437,1.0
0.072413353,0.085894843,0.00005,312.34424,1.0
0.072413353,0.08631895,0.00005,312.34412,1.0
0.072413353,0.086743057,0.00005,312.31469,0.0
0.072838947,0.083350204,0.00005,312.3447,1.0
0.072838947,0.08377431,0.00005,312.34461,1.0
0.072838947,0.084198417,0.00005,312.34452,1.0
0.072838947,0.084622524,0.00005,312.34437,1.0
0.072838947,0.08504663,0.00005,312.34428,1.0
0.072838947,0.085470737,0.00005,312.34414,1.0
0.072838947,0.085894843,0.00005,312.31466,0.0
0.072838947,0.08631895,0.00005,312.31435,0.0
0.072838947,0.086743057,0.00005,312.31405,0.0
0.073264541,0.083350204,0.00005,312.34459,1.0
0.073264541,0.08377431,0.00005,312.34444,1.0
0.073264541,0.084198417,0.00005,312.34427,1.0
0.073264541,0.084622524,0.00005,312.31477,0.0
0.073264541,0.08504663,0.00005,312.31443,0.0
0.073264541,0.085470737,0.00005,312.31434,0.0
0.073264541,0.085894843,0.00005,312.31402,0.0
0.073264541,0.08631895,0.00005,312.31397,0.0
0.073264541,0.086743057,0.00005,312.31394,0.0
0.073690134,0.083350204,0.00005,312.34436,1.0
0.073690134,0.08377431,0.00005,312.31483,0.0
0.073690134,0.084198417,0.00005,312.31447,0.0
0.073690134,0.084622524,0.00005,312.31411,0.0
0.073690134,0.08504663,0.00005,312.31403,0.0
0.073690134,0.085470737,0.00005,312.31397,0.0
0.073690134,0.085894843,0.00005,312.31391,0.0
0.073690134,0.08631895,0.00005,312.31388,0.0
0.073690134,0.086743057,0.00005,312.31386,0.0
0.074115728,0.082926097,0.00005,312.34434,1.0
0.074115728,0.083350204,0.00005,312.31482,0.0
0.074115728,0.08377431,0.00005,312.31419,0.0
0.074115728,0.084198417,0.00005,312.31408,0.0
0.074115728,0.084622524,0.00005,312.314,0.0
0.074115728,0.08504663,0.00005,312.31393,0.0
0.074115728,0.085470737,0.00005,312.31388,0.0
0.074115728,0.085894843,0.00005,312.31384,0.0
0.074115728,0.08631895,0.00005,312.31381,0.0
0.074115728,0.086743057,0.00005,312.31379,0.0
0.074541322,0.082926097,0.00005,312.31455,0.0
0.074541322,0.083350204,0.00005,312.31418,0.0
0.074541322,0.08377431,0.00005,312.31408,0.0
0.074541322,0.084198417,0.00005,312.31399,0.0
0.074541322,0.084622524,0.00005,312.31392,0.0
0.074541322,0.08504663,0.00005,312.31386,0.0
0.074541322,0.085470737,0.00005,312.31382,0.0
0.074541322,0.085894843,0.00005,312.31378,0.0
0.074541322,0.08631895,0.00005,312.31376,0.0
0.074541322,0.086743057,0.00005,312.31374,0.0
0.074966916,0.082926097,0.00005,312.31418,0.0
0.074966916,0.083350204,0.00005,312.31409,0.0
0.074966916,0.08377431,0.00005,312.314,0.0
0.074966916,0.084198417,0.00005,312.31393,0.0
0.074966916,0.084622524,0.00005,312.31387,0.0
0.074966916,0.08504663,0.00005,312.31382,0.0
0.074966916,0.085470737,0.00005,312.31377,0.0
0.074966916,0.085894843,0.00005,312.31374,0.0
0.074966916,0.08631895,0.00005,312.31372,0.0
0.074966916,0.086743057,0.00005,312.31371,0.0
0.075392509,0.082926097,0.00005,312.31412,0.0
0.075392509,0.083350204,0.00005,312.31403,0.0
0.075392509,0.08377431,0.00005,312.31396,0.0
0.075392509,0.084198417,0.00005,312.31389,0.0
0.075392509,0.084622524,0.00005,312.31383,0.0
0.075392509,0.08504663,0.00005,312.31379,0.0
0.075392509,0.085470737,0.00005,312.31375,0.0
0.075392509,0.085894843,0.00005,312.31372,0.0
0.075392509,0.08631895,0.00005,312.3137,0.0
0.075392509,0.086743057,0.00005,312.31369,0.0
0.075818103,0.082926097,0.00005,312.31409,0.0
0.075818103,0.083350204,0.00005,312.31401,0.0
0.075818103,0.08377431,0.00005,312.31394,0.0
0.075818103,0.084198417,0.00005,312.31387,0.0
0.075818103,0.084622524,0.00005,312.31382,0.0
0.075818103,0.08504663,0.00005,312.31377,0.0
0.075818103,0.085470737,0.00005,312.31373,0.0
0.075818103,0.085894843,0.00005,312.3137,0.0
0.075818103,0.08631895,0.00005,312.31368,0.0
0.075818103,0.086743057,0.00005,312.31367,0.0
0.069434197,0.079957351,0.00005,312.34536,1.0
0.069434197,0.080381457,0.00005,312.34532,1.0
0.069434197,0.080805564,0.00005,312.34528,1.0
0.069434197,0.081229671,0.00005,312.34523,1.0
0.069434197,0.081653777,0.00005,312.34518,1.0
0.069434197,0.082077884,0.00005,312.34513,1.0
0.069434197,0.08250199,0.00005,312.34508,1.0
0.069434197,0.082926097,0.00005,312.34503,1.0
0.069859791,0.079109137,0.00005,312.34544,1.0
0.069859791,0.079533244,0.00005,312.3454,1.0
0.069859791,0.079957351,0.00005,312.34536,1.0
0.069859791,0.080381457,0.00005,312.34532,1.0
0.069859791,0.080805564,0.00005,312.34527,1.0
0.069859791,0.081229671,0.00005,312.34523,1.0
0.069859791,0.081653777,0.00005,312.34518,1.0
0.069859791,0.082077884,0.00005,312.34513,1.0
0.069859791,0.08250199,0.00005,312.34508,1.0
0.069859791,0.082926097,0.00005,312.34503,1.0
0.070285384,0.079109137,0.00005,312.34544,1.0
0.070285384,0.079533244,0.00005,312.3454,1.0
0.070285384,0.079957351,0.00005,312.34536,1.0
0.070285384,0.080381457,0.00005,312.34531,1.0
0.070285384,0.080805564,0.00005,312.34527,1.0
0.070285384,0.081229671,0.00005,312.34522,1.0
0.070285384,0.081653777,0.00005,312.34517,1.0
0.070285384,0.082077884,0.00005,312.34512,1.0
0.070285384,0.08250199,0.00005,312.34507,1.0
0.070285384,0.082926097,0.00005,312.34502,1.0
0.070710978,0.079109137,0.00005,312.34543,1.0
0.070710978,0.079533244,0.00005,312.34539,1.0
0.070710978,0.079957351,0.00005,312.34535,1.0
0.070710978,0.080381457,0.00005,312.3453,1.0
0.070710978,0.080805564,0.00005,312.34526,1.0
0.070710978,0.081229671,0.00005,312.34521,1.0
0.070710978,0.081653777,0.00005,312.34516,1.0
0.070710978,0.082077884,0.00005,312.34511,1.0
0.070710978,0.08250199,0.00005,312.34505,1.0
0.070710978,0.082926097,0.00005,312.345,1.0
0.071136572,0.079109137,0.00005,312.34542,1.0
0.071136572,0.079533244,0.00005,312.34538,1.0
0.071136572,0.079957351,0.00005,312.34534,1.0
0.071136572,0.080381457,0.00005,312.34529,1.0
0.071136572,0.080805564,0.00005,312.34524,1.0
0.071136572,0.081229671,0.00005,312.34519,1.0
0.071136572,0.081653777,0.00005,312.34514,1.0
0.071136572,0.082077884,0.00005,312.34509,1.0
0.071136572,0.08250199,0.00005,312.34503,1.0
0.071136572,0.082926097,0.00005,312.34497,1.0
0.071562166,0.079109137,0.00005,312.3454,1.0
0.071562166,0.079533244,0.00005,312.34536,1.0
0.071562166,0.079957351,0.00005,312.34532,1.0
0.071562166,0.080381457,0.00005,312.34527,1.0
0.071562166,0.080805564,0.00005,312.34522,1.0
0.071562166,0.081229671,0.00005,312.34517,1.0
0.071562166,0.081653777,0.00005,312.34512,1.0
0.071562166,0.082077884,0.00005,312.34506,1.0
0.071562166,0.08250199,0.00005,312.345,1.0
0.071562166,0.082926097,0.00005,312.34494,1.0
0.071987759,0.079109137,0.00005,312.34538,1.0
0.071987759,0.079533244,0.00005,312.34534,1.0
0.071987759,0.079957351,0.00005,312.3453,1.0
0.071987759,0.080381457,0.00005,312.34525,1.0
0.071987759,0.080805564,0.00005,312.3452,1.0
0.071987759,0.081229671,0.00005,312.34514,1.0
0.071987759,0.081653777,0.00005,312.34509,1.0
0.071987759,0.082077884,0.00005,312.34503,1.0
0.071987759,0.08250199,0.00005,312.34497,1.0
0.071987759,0.082926097,0.00005,312.3449,1.0
0.072413353,0.079109137,0.00005,312.34536,1.0
0.072413353,0.079533244,0.00005,312.34532,1.0
0.072413353,0.079957351,0.00005,312.34527,1.0
0.072413353,0.080381457,0.00005,312.34522,1.0
0.072413353,0.080805564,0.00005,312.34517,1.0
0.072413353,0.081229671,0.00005,312.34511,1.0
0.072413353,0.081653777,0.00005,312.34505,1.0
0.072413353,0.082077884,0.00005,312.34499,1.0
0.072413353,0.08250199,0.00005,312.34492,1.0
0.072413353,0.082926097,0.00005,312.34485,1.0
0.072838947,0.079109137,0.00005,312.34533,1.0
0.072838947,0.079533244,0.00005,312.34528,1.0
0.072838947,0.079957351,0.00005,312.34524,1.0
0.072838947,0.080381457,0.00005,312.34518,1.0
0.072838947,0.080805564,0.00005,312.34513,1.0
0.072838947,0.081229671,0.00005,312.34507,1.0
0.072838947,0.081653777,0.00005,312.345,1.0
0.072838947,0.082077884,0.00005,312.34494,1.0
0.072838947,0.08250199,0.00005,312.34486,1.0
0.072838947,0.082926097,0.00005,312.34479,1.0
0.073264541,0.079109137,0.00005,312.34529,1.0
0.073264541,0.079533244,0.00005,312.34525,1.0
0.073264541,0.079957351,0.00005,312.3452,1.0
0.073264541,0.080381457,0.00005,312.34514,1.0
0.073264541,0.080805564,0.00005,312.34508,1.0
0.073264541,0.081229671,0.00005,312.34502,1.0
0.073264541,0.081653777,0.00005,312.34495,1.0
0.073264541,0.082077884,0.00005,312.34487,1.0
0.073264541,0.08250199,0.00005,312.34479,1.0
0.073264541,0.082926097,0.00005,312.3447,1.0
0.073690134,0.079109137,0.00005,312.34525,1.0
0.073690134,0.079533244,0.00005,312.3452,1.0
0.073690134,0.079957351,0.00005,312.34515,1.0
0.073690134,0.080381457,0.00005,312.34509,1.0
0.073690134,0.080805564,0.00005,312.34502,1.0
0.073690134,0.081229671,0.00005,312.34495,1.0
0.073690134,0.081653777,0.00005,312.34488,1.0
0.073690134,0.082077884,0.00005,312.34479,1.0
0.073690134,0.08250199,0.00005,312.3447,1.0
0.073690134,0.082926097,0.00005,312.34458,1.0
0.074115728,0.079109137,0.00005,312.34519,1.0
0.074115728,0.079533244,0.00005,312.34514,1.0
0.074115728,0.079957351,0.00005,312.34509,1.0
0.074115728,0.080381457,0.00005,312.34502,1.0
0.074115728,0.080805564,0.00005,312.34495,1.0
0.074115728,0.081229671,0.00005,312.34487,1.0
0.074115728,0.081653777,0.00005,312.34478,1.0
0.074115728,0.082077884,0.00005,312.34468,1.0
0.074115728,0.08250199,0.00005,312.34452,1.0
0.074541322,0.079109137,0.00005,312.34512,1.0
0.074541322,0.079533244,0.00005,312.34506,1.0
0.074541322,0.079957351,0.00005,312.345,1.0
0.074541322,0.080381457,0.00005,312.34493,1.0
0.074541322,0.080805564,0.00005,312.34485,1.0
0.074541322,0.081229671,0.00005,312.3447,1.0
0.074541322,0.081653777,0.00005,312.3446,1.0
0.074541322,0.082077884,0.00005,312.34444,1.0
0.074541322,0.08250199,0.00005,312.31492,0.0
0.074966916,0.079109137,0.00005,312.34497,1.0
0.074966916,0.079533244,0.00005,312.3449,1.0
0.074966916,0.079957351,0.00005,312.34484,1.0
0.074966916,0.080381457,0.00005,312.34476,1.0
0.074966916,0.080805564,0.00005,312.34461,1.0
0.074966916,0.081229671,0.00005,312.31511,0.0
0.074966916,0.081653777,0.00005,312.31476,0.0
0.074966916,0.082077884,0.00005,312.31465,0.0
0.074966916,0.08250199,0.00005,312.31429,0.0
0.075392509,0.079109137,0.00005,312.3154,0.0
0.075392509,0.079533244,0.00005,312.31508,0.0
0.075392509,0.079957351,0.00005,312.315,0.0
0.075392509,0.080381457,0.00005,312.31493,0.0
0.075392509,0.080805564,0.00005,312.31484,0.0
0.075392509,0.081229671,0.00005,312.31449,0.0
0.075392509,0.081653777,0.00005,312.31439,0.0
0.075392509,0.082077884,0.00005,312.3143,0.0
0.075392509,0.08250199,0.00005,312.3142,0.0
0.075818103,0.079109137,0.00005,312.31481,0.0
0.075818103,0.079533244,0.00005,312.31474,0.0
0.075818103,0.079957351,0.00005,312.31467,0.0
0.075818103,0.080381457,0.00005,312.3146,0.0
0.075818103,0.080805564,0.00005,312.31452,0.0
0.075818103,0.081229671,0.00005,312.31443,0.0
0.075818103,0.081653777,0.00005,312.31434,0.0
0.075818103,0.082077884,0.00005,312.31425,0.0
0.075818103,0.08250199,0.00005,312.31417,0.0
0.066455041,0.080381457,0.00005,312.34524,1.0
0.066455041,0.080805564,0.00005,312.34519,1.0
0.066455041,0.081229671,0.00005,312.34515,1.0
0.066455041,0.081653777,0.00005,312.3451,1.0
0.066455041,0.082077884,0.00005,312.34505,1.0
0.066880634,0.080381457,0.00005,312.34526,1.0
0.066880634,0.080805564,0.00005,312.34521,1.0
0.066880634,0.081229671,0.00005,312.34517,1.0
0.066880634,0.081653777,0.00005,312.34512,1.0
0.066880634,0.082077884,0.00005,312.34507,1.0
0.067306228,0.080381457,0.00005,312.34528,1.0
0.067306228,0.080805564,0.00005,312.34523,1.0
0.067306228,0.081229671,0.00005,312.34519,1.0
0.067306228,0.081653777,0.00005,312.34514,1.0
0.067306228,0.082077884,0.00005,312.34509,1.0
0.067731822,0.080381457,0.00005,312.34529,1.0
0.067731822,0.080805564,0.00005,312.34525,1.0
0.067731822,0.081229671,0.00005,312.3452,1.0
0.067731822,0.081653777,0.00005,312.34516,1.0
0.067731822,0.082077884,0.00005,312.34511,1.0
0.068157416,0.080381457,0.00005,312.3453,1.0
0.068157416,0.080805564,0.00005,312.34526,1.0
0.068157416,0.081229671,0.00005,312.34521,1.0
0.068157416,0.081653777,0.00005,312.34517,1.0
0.068157416,0.082077884,0.00005,312.34512,1.0
0.068583009,0.080381457,0.00005,312.34531,1.0
0.068583009,0.080805564,0.00005,312.34527,1.0
0.068583009,0.081229671,0.00005,312.34522,1.0
0.068583009,0.081653777,0.00005,312.34518,1.0
0.068583009,0.082077884,0.00005,312.34513,1.0
0.069008603,0.080381457,0.00005,312.34532,1.0
0.069008603,0.080805564,0.00005,312.34527,1.0
0.069008603,0.081229671,0.00005,312.34523,1.0
0.069008603,0.081653777,0.00005,312.34518,1.0
0.069008603,0.082077884,0.00005,312.34513,1.0
0.067306228,0.08250199,0.00005,312.34504,1.0
0.067306228,0.082926097,0.00005,312.34499,1.0
0.067306228,0.083350204,0.00005,312.34495,1.0
0.067306228,0.08377431,0.00005,312.34489,1.0
0.067306228,0.084198417,0.00005,312.34484,1.0
0.067306228,0.084622524,0.00005,312.34479,1.0
0.067306228,0.08504663,0.00005,312.34474,1.0
0.067306228,0.085470737,0.00005,312.34468,1.0
0.067306228,0.085894843,0.00005,312.3446,1.0
0.067306228,0.08631895,0.00005,312.34446,1.0
0.067306228,0.086743057,0.00005,312.31467,0.0
0.067731822,0.08250199,0.00005,312.34506,1.0
0.067731822,0.082926097,0.00005,312.34501,1.0
0.067731822,0.083350204,0.00005,312.34496,1.0
0.067731822,0.08377431,0.00005,312.34491,1.0
0.067731822,0.084198417,0.00005,312.34486,1.0
0.067731822,0.084622524,0.00005,312.34481,1.0
0.067731822,0.08504663,0.00005,312.34475,1.0
0.067731822,0.085470737,0.00005,312.3447,1.0
0.067731822,0.085894843,0.00005,312.34462,1.0
0.067731822,0.08631895,0.00005,312.34448,1.0
0.067731822,0.086743057,0.00005,312.31469,0.0
0.068157416,0.08250199,0.00005,312.34507,1.0
0.068157416,0.082926097,0.00005,312.34502,1.0
0.068157416,0.083350204,0.00005,312.34498,1.0
0.068157416,0.08377431,0.00005,312.34493,1.0
0.068157416,0.084198417,0.00005,312.34487,1.0
0.068157416,0.084622524,0.00005,312.34482,1.0
0.068157416,0.08504663,0.00005,312.34477,1.0
0.068157416,0.085470737,0.00005,312.34471,1.0
0.068157416,0.085894843,0.00005,312.34463,1.0
0.068157416,0.08631895,0.00005,312.34448,1.0
0.068157416,0.086743057,0.00005,312.3147,0.0
0.068583009,0.08250199,0.00005,312.34508,1.0
0.068583009,0.082926097,0.00005,312.34503,1.0
0.068583009,0.083350204,0.00005,312.34498,1.0
0.068583009,0.08377431,0.00005,312.34493,1.0
0.068583009,0.084198417,0.00005,312.34488,1.0
0.068583009,0.084622524,0.00005,312.34483,1.0
0.068583009,0.08504663,0.00005,312.34477,1.0
0.068583009,0.085470737,0.00005,312.34471,1.0
0.068583009,0.085894843,0.00005,312.34463,1.0
0.068583009,0.08631895,0.00005,312.34447,1.0
0.068583009,0.086743057,0.00005,312.31469,0.0
0.069008603,0.08250199,0.00005,312.34509,1.0
0.069008603,0.082926097,0.00005,312.34504,1.0
0.069008603,0.083350204,0.00005,312.34499,1.0
0.069008603,0.08377431,0.00005,312.34493,1.0
0.069008603,0.084198417,0.00005,312.34488,1.0
0.069008603,0.084622524,0.00005,312.34482,1.0
0.069008603,0.08504663,0.00005,312.34476,1.0
0.069008603,0.085470737,0.00005,312.34469,1.0
0.069008603,0.085894843,0.00005,312.3446,1.0
0.069008603,0.08631895,0.00005,312.34438,1.0
0.069008603,0.086743057,0.00005,312.31467,0.0
0.059219947,0.080805564,0.00005,312.31416,0.0
0.059219947,0.081229671,0.00005,312.31407,0.0
0.059219947,0.081653777,0.00005,312.31397,0.0
0.059219947,0.082077884,0.00005,312.31387,0.0
0.059219947,0.08250199,0.00005,312.31377,0.0
0.059219947,0.082926097,0.00005,312.31368,0.0
0.059219947,0.083350204,0.00005,312.31359,0.0
0.059219947,0.08377431,0.00005,312.31351,0.0
0.059219947,0.084198417,0.00005,312.31344,0.0
0.059219947,0.084622524,0.00005,312.31337,0.0
0.059219947,0.08504663,0.00005,312.31332,0.0
0.059219947,0.085470737,0.00005,312.31328,0.0
0.059219947,0.085894843,0.00005,312.31324,0.0
0.059219947,0.08631895,0.00005,312.31322,0.0
0.059219947,0.086743057,0.00005,312.31321,0.0
0.059645541,0.080805564,0.00005,312.3145,0.0
0.059645541,0.081229671,0.00005,312.3144,0.0
0.059645541,0.081653777,0.00005,312.31403,0.0
0.059645541,0.082077884,0.00005,312.31392,0.0
0.059645541,0.08250199,0.00005,312.31381,0.0
0.059645541,0.082926097,0.00005,312.31371,0.0
0.059645541,0.083350204,0.00005,312.31362,0.0
0.059645541,0.08377431,0.00005,312.31353,0.0
0.059645541,0.084198417,0.00005,312.31346,0.0
0.059645541,0.084622524,0.00005,312.31339,0.0
0.059645541,0.08504663,0.00005,312.31333,0.0
0.059645541,0.085470737,0.00005,312.31329,0.0
0.059645541,0.085894843,0.00005,312.31325,0.0
0.059645541,0.08631895,0.00005,312.31323,0.0
0.059645541,0.086743057,0.00005,312.31322,0.0
0.060071134,0.080805564,0.00005,312.34433,1.0
0.060071134,0.081229671,0.00005,312.34417,1.0
0.060071134,0.081653777,0.00005,312.31466,0.0
0.060071134,0.082077884,0.00005,312.31428,0.0
0.060071134,0.08250199,0.00005,312.3139,0.0
0.060071134,0.082926097,0.00005,312.31378,0.0
0.060071134,0.083350204,0.00005,312.31367,0.0
0.060071134,0.08377431,0.00005,312.31358,0.0
0.060071134,0.084198417,0.00005,312.31349,0.0
0.060071134,0.084622524,0.00005,312.31342,0.0
0.060071134,0.08504663,0.00005,312.31336,0.0
0.060071134,0.085470737,0.00005,312.31331,0.0
0.060071134,0.085894843,0.00005,312.31328,0.0
0.060071134,0.08631895,0.00005,312.31325,0.0
0.060071134,0.086743057,0.00005,312.31324,0.0
0.060496728,0.080805564,0.00005,312.34451,1.0
0.060496728,0.081229671,0.00005,312.34441,1.0
0.060496728,0.081653777,0.00005,312.34425,1.0
0.060496728,0.082077884,0.00005,312.34407,1.0
0.060496728,0.08250199,0.00005,312.31454,0.0
0.060496728,0.082926097,0.00005,312.31415,0.0
0.060496728,0.083350204,0.00005,312.31377,0.0
0.060496728,0.08377431,0.00005,312.31365,0.0
0.060496728,0.084198417,0.00005,312.31355,0.0
0.060496728,0.084622524,0.00005,312.31347,0.0
0.060496728,0.08504663,0.00005,312.3134,0.0
0.060496728,0.085470737,0.00005,312.31335,0.0
0.060496728,0.085894843,0.00005,312.31331,0.0
0.060496728,0.08631895,0.00005,312.31328,0.0
0.060496728,0.086743057,0.00005,312.31327,0.0
0.060922322,0.080805564,0.00005,312.34461,1.0
0.060922322,0.081229671,0.00005,312.34452,1.0
0.060922322,0.081653777,0.00005,312.34443,1.0
0.060922322,0.082077884,0.00005,312.34431,1.0
0.060922322,0.08250199,0.00005,312.34414,1.0
0.060922322,0.082926097,0.00005,312.34395,1.0
0.060922322,0.083350204,0.00005,312.31441,0.0
0.060922322,0.08377431,0.00005,312.31376,0.0
0.060922322,0.084198417,0.00005,312.31363,0.0
0.060922322,0.084622524,0.00005,312.31353,0.0
0.060922322,0.08504663,0.00005,312.31346,0.0
0.060922322,0.085470737,0.00005,312.3134,0.0
0.060922322,0.085894843,0.00005,312.31335,0.0
0.060922322,0.08631895,0.00005,312.31332,0.0
0.060922322,0.086743057,0.00005,312.31331,0.0
0.061347916,0.080805564,0.00005,312.34469,1.0
0.061347916,0.081229671,0.00005,312.34461,1.0
0.061347916,0.081653777,0.00005,312.34452,1.0
0.061347916,0.082077884,0.00005,312.34443,1.0
0.061347916,0.08250199,0.00005,312.34432,1.0
0.061347916,0.082926097,0.00005,312.34419,1.0
0.061347916,0.083350204,0.00005,312.34395,1.0
0.061347916,0.08377431,0.00005,312.3144,0.0
0.061347916,0.084198417,0.00005,312.31375,0.0
0.061347916,0.084622524,0.00005,312.31362,0.0
0.061347916,0.08504663,0.00005,312.31353,0.0
0.061347916,0.085470737,0.00005,312.31346,0.0
0.061347916,0.085894843,0.00005,312.31341,0.0
0.061347916,0.08631895,0.00005,312.31337,0.0
0.061347916,0.086743057,0.00005,312.31335,0.0
0.061773509,0.080381457,0.00005,312.34482,1.0
0.061773509,0.080805564,0.00005,312.34475,1.0
0.061773509,0.081229671,0.00005,312.34468,1.0
0.061773509,0.081653777,0.00005,312.3446,1.0
0.061773509,0.082077884,0.00005,312.34452,1.0
0.061773509,0.08250199,0.00005,312.34442,1.0
0.061773509,0.082926097,0.00005,312.34432,1.0
0.061773509,0.083350204,0.00005,312.34419,1.0
0.061773509,0.08377431,0.00005,312.34394,1.0
0.061773509,0.084198417,0.00005,312.31439,0.0
0.061773509,0.084622524,0.00005,312.31374,0.0
0.061773509,0.08504663,0.00005,312.31362,0.0
0.061773509,0.085470737,0.00005,312.31353,0.0
0.061773509,0.085894843,0.00005,312.31347,0.0
0.061773509,0.08631895,0.00005,312.31343,0.0
0.061773509,0.086743057,0.00005,312.31341,0.0
0.062199103,0.080381457,0.00005,312.34487,1.0
0.062199103,0.080805564,0.00005,312.34481,1.0
0.062199103,0.081229671,0.00005,312.34475,1.0
0.062199103,0.081653777,0.00005,312.34467,1.0
0.062199103,0.082077884,0.00005,312.3446,1.0
0.062199103,0.08250199,0.00005,312.34451,1.0
0.062199103,0.082926097,0.00005,312.34442,1.0
0.062199103,0.083350204,0.00005,312.34431,1.0
0.062199103,0.08377431,0.00005,312.34418,1.0
0.062199103,0.084198417,0.00005,312.34393,1.0
0.062199103,0.084622524,0.00005,312.31438,0.0
0.062199103,0.08504663,0.00005,312.31374,0.0
0.062199103,0.085470737,0.00005,312.31362,0.0
0.062199103,0.085894843,0.00005,312.31355,0.0
0.062199103,0.08631895,0.00005,312.3135,0.0
0.062199103,0.086743057,0.00005,312.31348,0.0
0.062624697,0.080381457,0.00005,312.34492,1.0
0.062624697,0.080805564,0.00005,312.34487,1.0
0.062624697,0.081229671,0.00005,312.3448,1.0
0.062624697,0.081653777,0.00005,312.34474,1.0
0.062624697,0.082077884,0.00005,312.34466,1.0
0.062624697,0.08250199,0.00005,312.34458,1.0
0.062624697,0.082926097,0.00005,312.3445,1.0
0.062624697,0.083350204,0.00005,312.34441,1.0
0.062624697,0.08377431,0.00005,312.3443,1.0
0.062624697,0.084198417,0.00005,312.34417,1.0
0.062624697,0.084622524,0.00005,312.34392,1.0
0.062624697,0.08504663,0.00005,312.31437,0.0
0.062624697,0.085470737,0.00005,312.31373,0.0
0.062624697,0.085894843,0.00005,312.31363,0.0
0.062624697,0.08631895,0.00005,312.31358,0.0
0.062624697,0.086743057,0.00005,312.31355,0.0
0.063050291,0.079957351,0.00005,312.34502,1.0
0.063050291,0.080381457,0.00005,312.34497,1.0
0.063050291,0.080805564,0.00005,312.34492,1.0
0.063050291,0.081229671,0.00005,312.34486,1.0
0.063050291,0.081653777,0.00005,312.34479,1.0
0.063050291,0.082077884,0.00005,312.34472,1.0
0.063050291,0.08250199,0.00005,312.34465,1.0
0.063050291,0.082926097,0.00005,312.34457,1.0
0.063050291,0.083350204,0.00005,312.34449,1.0
0.063050291,0.08377431,0.00005,312.34439,1.0
0.063050291,0.084198417,0.00005,312.34429,1.0
0.063050291,0.084622524,0.00005,312.34415,1.0
0.063050291,0.08504663,0.00005,312.3439,1.0
0.063050291,0.085470737,0.00005,312.31411,0.0
0.063050291,0.085894843,0.00005,312.31373,0.0
0.063050291,0.08631895,0.00005,312.31366,0.0
0.063050291,0.086743057,0.00005,312.31363,0.0
0.063475884,0.079957351,0.00005,312.34507,1.0
0.063475884,0.080381457,0.00005,312.34501,1.0
0.063475884,0.080805564,0.00005,312.34496,1.0
0.063475884,0.081229671,0.00005,312.3449,1.0
0.063475884,0.081653777,0.00005,312.34484,1.0
0.063475884,0.082077884,0.00005,312.34478,1.0
0.063475884,0.08250199,0.00005,312.34471,1.0
0.063475884,0.082926097,0.00005,312.34464,1.0
0.063475884,0.083350204,0.00005,312.34456,1.0
0.063475884,0.08377431,0.00005,312.34448,1.0
0.063475884,0.084198417,0.00005,312.34438,1.0
0.063475884,0.084622524,0.00005,312.34427,1.0
0.063475884,0.08504663,0.00005,312.34408,1.0
0.063475884,0.085470737,0.00005,312.31448,0.0
0.063475884,0.085894843,0.00005,312.31384,0.0
0.063475884,0.08631895,0.00005,312.31375,0.0
0.063475884,0.086743057,0.00005,312.31371,0.0
0.063901478,0.079957351,0.00005,312.3451,1.0
0.063901478,0.080381457,0.00005,312.34506,1.0
0.063901478,0.080805564,0.00005,312.345,1.0
0.063901478,0.081229671,0.00005,312.34495,1.0
0.063901478,0.081653777,0.00005,312.34489,1.0
0.063901478,0.082077884,0.00005,312.34483,1.0
0.063901478,0.08250199,0.00005,312.34476,1.0
0.063901478,0.082926097,0.00005,312.3447,1.0
0.063901478,0.083350204,0.00005,312.34463,1.0
0.063901478,0.08377431,0.00005,312.34455,1.0
0.063901478,0.084198417,0.00005,312.34446,1.0
0.063901478,0.084622524,0.00005,312.34437,1.0
0.063901478,0.08504663,0.00005,312.34425,1.0
0.063901478,0.085470737,0.00005,312.344,1.0
0.063901478,0.085894843,0.00005,312.31421,0.0
0.063901478,0.08631895,0.00005,312.31385,0.0
0.063901478,0.086743057,0.00005,312.3138,0.0
0.064327072,0.079957351,0.00005,312.34514,1.0
0.064327072,0.080381457,0.00005,312.34509,1.0
0.064327072,0.080805564,0.00005,312.34504,1.0
0.064327072,0.081229671,0.00005,312.34499,1.0
0.064327072,0.081653777,0.00005,312.34493,1.0
0.064327072,0.082077884,0.00005,312.34487,1.0
0.064327072,0.08250199,0.00005,312.34481,1.0
0.064327072,0.082926097,0.00005,312.34475,1.0
0.064327072,0.083350204,0.00005,312.34468,1.0
0.064327072,0.08377431,0.00005,312.34461,1.0
0.064327072,0.084198417,0.00005,312.34454,1.0
0.064327072,0.084622524,0.00005,312.34445,1.0
0.064327072,0.08504663,0.00005,312.34435,1.0
0.064327072,0.085470737,0.00005,312.34417,1.0
0.064327072,0.085894843,0.00005,312.31458,0.0
0.064327072,0.08631895,0.00005,312.31395,0.0
0.064327072,0.086743057,0.00005,312.31389,0.0
0.064752666,0.079957351,0.00005,312.34517,1.0
0.064752666,0.080381457,0.00005,312.34513,1.0
0.064752666,0.080805564,0.00005,312.34508,1.0
0.064752666,0.081229671,0.00005,312.34503,1.0
0.064752666,0.081653777,0.00005,312.34497,1.0
0.064752666,0.082077884,0.00005,312.34492,1.0
0.064752666,0.08250199,0.00005,312.34486,1.0
0.064752666,0.082926097,0.00005,312.3448,1.0
0.064752666,0.083350204,0.00005,312.34474,1.0
0.064752666,0.08377431,0.00005,312.34467,1.0
0.064752666,0.084198417,0.00005,312.3446,1.0
0.064752666,0.084622524,0.00005,312.34452,1.0
0.064752666,0.08504663,0.00005,312.34443,1.0
0.064752666,0.085470737,0.00005,312.34432,1.0
0.064752666,0.085894843,0.00005,312.34408,1.0
0.064752666,0.08631895,0.00005,312.31431,0.0
0.064752666,0.086743057,0.00005,312.31399,0.0
0.065178259,0.079957351,0.00005,312.3452,1.0
0.065178259,0.080381457,0.00005,312.34516,1.0
0.065178259,0.080805564,0.00005,312.34511,1.0
0.065178259,0.081229671,0.00005,312.34506,1.0
0.065178259,0.081653777,0.00005,312.34501,1.0
0.065178259,0.082077884,0.00005,312.34496,1.0
0.065178259,0.08250199,0.00005,312.3449,1.0
0.065178259,0.082926097,0.00005,312.34484,1.0
0.065178259,0.083350204,0.00005,312.34478,1.0
0.065178259,0.08377431,0.00005,312.34472,1.0
0.065178259,0.084198417,0.00005,312.34466,1.0
0.065178259,0.084622524,0.00005,312.34459,1.0
0.065178259,0.08504663,0.00005,312.34451,1.0
0.065178259,0.085470737,0.00005,312.34441,1.0
0.065178259,0.085894843,0.00005,312.34424,1.0
0.065178259,0.08631895,0.00005,312.31441,0.0
0.065178259,0.086743057,0.00005,312.31407,0.0
0.065603853,0.079533244,0.00005,312.34528,1.0
0.065603853,0.079957351,0.00005,312.34523,1.0
0.065603853,0.080381457,0.00005,312.34519,1.0
0.065603853,0.080805564,0.00005,312.34514,1.0
0.065603853,0.081229671,0.00005,312.34509,1.0
0.065603853,0.081653777,0.00005,312.34504,1.0
0.065603853,0.082077884,0.00005,312.34499,1.0
0.065603853,0.08250199,0.00005,312.34494,1.0
0.065603853,0.082926097,0.00005,312.34488,1.0
0.065603853,0.083350204,0.00005,312.34483,1.0
0.065603853,0.08377431,0.00005,312.34477,1.0
0.065603853,0.084198417,0.00005,312.34471,1.0
0.065603853,0.084622524,0.00005,312.34464,1.0
0.065603853,0.08504663,0.00005,312.34457,1.0
0.065603853,0.085470737,0.00005,312.34449,1.0
0.065603853,0.085894843,0.00005,312.34433,1.0
0.065603853,0.08631895,0.00005,312.31476,0.0
0.065603853,0.086743057,0.00005,312.31417,0.0
0.066029447,0.079533244,0.00005,312.3453,1.0
0.066029447,0.079957351,0.00005,312.34526,1.0
0.066029447,0.080381457,0.00005,312.34521,1.0
0.066029447,0.080805564,0.00005,312.34517,1.0
0.066029447,0.081229671,0.00005,312.34512,1.0
0.066029447,0.081653777,0.00005,312.34507,1.0
0.066029447,0.082077884,0.00005,312.34502,1.0
0.066029447,0.08250199,0.00005,312.34497,1.0
0.066029447,0.082926097,0.00005,312.34492,1.0
0.066029447,0.083350204,0.00005,312.34486,1.0
0.066029447,0.08377431,0.00005,312.34481,1.0
0.066029447,0.084198417,0.00005,312.34475,1.0
0.066029447,0.084622524,0.00005,312.34469,1.0
0.066029447,0.08504663,0.00005,312.34463,1.0
0.066029447,0.085470737,0.00005,312.34455,1.0
0.066029447,0.085894843,0.00005,312.34446,1.0
0.066029447,0.08631895,0.00005,312.34424,1.0
0.066029447,0.086743057,0.00005,312.31452,0.0
0.066455041,0.08250199,0.00005,312.345,1.0
0.066455041,0.082926097,0.00005,312.34495,1.0
0.066455041,0.083350204,0.00005,312.3449,1.0
0.066455041,0.08377431,0.00005,312.34484,1.0
0.066455041,0.084198417,0.00005,312.34479,1.0
0.066455041,0.084622524,0.00005,312.34473,1.0
0.066455041,0.08504663,0.00005,312.34467,1.0
0.066455041,0.085470737,0.00005,312.3446,1.0
0.066455041,0.085894843,0.00005,312.34452,1.0
0.066455041,0.08631895,0.00005,312.34437,1.0
0.066455041,0.086743057,0.00005,312.31459,0.0
0.066880634,0.08250199,0.00005,312.34502,1.0
0.066880634,0.082926097,0.00005,312.34497,1.0
0.066880634,0.083350204,0.00005,312.34492,1.0
0.066880634,0.08377431,0.00005,312.34487,1.0
0.066880634,0.084198417,0.00005,312.34482,1.0
0.066880634,0.084622524,0.00005,312.34476,1.0
0.066880634,0.08504663,0.00005,312.34471,1.0
0.066880634,0.085470737,0.00005,312.34465,1.0
0.066880634,0.085894843,0.00005,312.34457,1.0
0.066880634,0.08631895,0.00005,312.34442,1.0
0.066880634,0.086743057,0.00005,312.31464,0.0
0.059219947,0.070202898,0.00005,312.31413,0.0
0.059219947,0.070627005,0.00005,312.31414,0.0
0.059219947,0.071051112,0.00005,312.31415,0.0
0.059219947,0.071475218,0.00005,312.31416,0.0
0.059219947,0.071899325,0.00005,312.31418,0.0
0.059219947,0.072323431,0.00005,312.31421,0.0
0.059219947,0.072747538,0.00005,312.31424,0.0
0.059219947,0.073171645,0.00005,312.31427,0.0
0.059219947,0.073595751,0.00005,312.31431,0.0
0.059219947,0.074019858,0.00005,312.31435,0.0
0.059645541,0.070202898,0.00005,312.31414,0.0
0.059645541,0.070627005,0.00005,312.31415,0.0
0.059645541,0.071051112,0.00005,312.31416,0.0
0.059645541,0.071475218,0.00005,312.31417,0.0
0.059645541,0.071899325,0.00005,312.3142,0.0
0.059645541,0.072323431,0.00005,312.31422,0.0
0.059645541,0.072747538,0.00005,312.31426,0.0
0.059645541,0.073171645,0.00005,312.31429,0.0
0.059645541,0.073595751,0.00005,312.31433,0.0
0.059645541,0.074019858,0.00005,312.31438,0.0
0.060071134,0.070202898,0.00005,312.31416,0.0
0.060071134,0.070627005,0.00005,312.31417,0.0
0.060071134,0.071051112,0.00005,312.31418,0.0
0.060071134,0.071475218,0.00005,312.3142,0.0
0.060071134,0.071899325,0.00005,312.31422,0.0
0.060071134,0.072323431,0.00005,312.31425,0.0
0.060071134,0.072747538,0.00005,312.31429,0.0
0.060071134,0.073171645,0.00005,312.31434,0.0
0.060071134,0.073595751,0.00005,312.31438,0.0
0.060071134,0.074019858,0.00005,312.31444,0.0
0.060496728,0.070202898,0.00005,312.31419,0.0
0.060496728,0.070627005,0.00005,312.31419,0.0
0.060496728,0.071051112,0.00005,312.31421,0.0
0.060496728,0.071475218,0.00005,312.31423,0.0
0.060496728,0.071899325,0.00005,312.31426,0.0
0.060496728,0.072323431,0.00005,312.3143,0.0
0.060496728,0.072747538,0.00005,312.31435,0.0
0.060496728,0.073171645,0.00005,312.3144,0.0
0.060496728,0.073595751,0.00005,312.31447,0.0
0.060496728,0.074019858,0.00005,312.31455,0.0
0.060922322,0.070202898,0.00005,312.31422,0.0
0.060922322,0.070627005,0.00005,312.31423,0.0
0.060922322,0.071051112,0.00005,312.31425,0.0
0.060922322,0.071475218,0.00005,312.31428,0.0
0.060922322,0.071899325,0.00005,312.31432,0.0
0.060922322,0.072323431,0.00005,312.31436,0.0
0.060922322,0.072747538,0.00005,312.31442,0.0
0.060922322,0.073171645,0.00005,312.31451,0.0
0.060922322,0.073595751,0.00005,312.31485,0.0
0.060922322,0.074019858,0.00005,312.31519,0.0
0.061347916,0.070202898,0.00005,312.31427,0.0
0.061347916,0.070627005,0.00005,312.31428,0.0
0.061347916,0.071051112,0.00005,312.3143,0.0
0.061347916,0.071475218,0.00005,312.31434,0.0
0.061347916,0.071899325,0.00005,312.31438,0.0
0.061347916,0.072323431,0.00005,312.31445,0.0
0.061347916,0.072747538,0.00005,312.31454,0.0
0.061347916,0.073171645,0.00005,312.31514,0.0
0.061347916,0.073595751,0.00005,312.34464,1.0
0.061347916,0.074019858,0.00005,312.34479,1.0
0.061773509,0.070202898,0.00005,312.31432,0.0
0.061773509,0.070627005,0.00005,312.31434,0.0
0.061773509,0.071051112,0.00005,312.31436,0.0
0.061773509,0.071475218,0.00005,312.31441,0.0
0.061773509,0.071899325,0.00005,312.31447,0.0
0.061773509,0.072323431,0.00005,312.31457,0.0
0.061773509,0.072747538,0.00005,312.31518,0.0
0.061773509,0.073171645,0.00005,312.34469,1.0
0.061773509,0.073595751,0.00005,312.34489,1.0
0.061773509,0.074019858,0.00005,312.34498,1.0
0.062199103,0.070202898,0.00005,312.31438,0.0
0.062199103,0.070627005,0.00005,312.3144,0.0
0.062199103,0.071051112,0.00005,312.31444,0.0
0.062199103,0.071475218,0.00005,312.31449,0.0
0.062199103,0.071899325,0.00005,312.31459,0.0
0.062199103,0.072323431,0.00005,312.3152,0.0
0.062199103,0.072747538,0.00005,312.34472,1.0
0.062199103,0.073171645,0.00005,312.34493,1.0
0.062199103,0.073595751,0.00005,312.34502,1.0
0.062199103,0.074019858,0.00005,312.34508,1.0
0.062624697,0.070202898,0.00005,312.31445,0.0
0.062624697,0.070627005,0.00005,312.31447,0.0
0.062624697,0.071051112,0.00005,312.31452,0.0
0.062624697,0.071475218,0.00005,312.3146,0.0
0.062624697,0.071899325,0.00005,312.31522,0.0
0.062624697,0.072323431,0.00005,312.34474,1.0
0.062624697,0.072747538,0.00005,312.34496,1.0
0.062624697,0.073171645,0.00005,312.34505,1.0
0.062624697,0.073595751,0.00005,312.34512,1.0
0.062624697,0.074019858,0.00005,312.34517,1.0
0.062624697,0.074443965,0.00005,312.3452,1.0
0.063050291,0.070202898,0.00005,312.31452,0.0
0.063050291,0.070627005,0.00005,312.31455,0.0
0.063050291,0.071051112,0.00005,312.31461,0.0
0.063050291,0.071475218,0.00005,312.31497,0.0
0.063050291,0.071899325,0.00005,312.34475,1.0
0.063050291,0.072323431,0.00005,312.34497,1.0
0.063050291,0.072747538,0.00005,312.34508,1.0
0.063050291,0.073171645,0.00005,312.34515,1.0
0.063050291,0.073595751,0.00005,312.3452,1.0
0.063050291,0.074019858,0.00005,312.34524,1.0
0.063050291,0.074443965,0.00005,312.34527,1.0
0.063475884,0.070202898,0.00005,312.31459,0.0
0.063475884,0.070627005,0.00005,312.31463,0.0
0.063475884,0.071051112,0.00005,312.31471,0.0
0.063475884,0.071475218,0.00005,312.31533,0.0
0.063475884,0.071899325,0.00005,312.34492,1.0
0.063475884,0.072323431,0.00005,312.34508,1.0
0.063475884,0.072747538,0.00005,312.34517,1.0
0.063475884,0.073171645,0.00005,312.34523,1.0
0.063475884,0.073595751,0.00005,312.34527,1.0
0.063475884,0.074019858,0.00005,312.3453,1.0
0.063475884,0.074443965,0.00005,312.34533,1.0
0.063901478,0.070202898,0.00005,312.31467,0.0
0.063901478,0.070627005,0.00005,312.31471,0.0
0.063901478,0.071051112,0.00005,312.31506,0.0
0.063901478,0.071475218,0.00005,312.34484,1.0
0.063901478,0.071899325,0.00005,312.34507,1.0
0.063901478,0.072323431,0.00005,312.34518,1.0
0.063901478,0.072747538,0.00005,312.34524,1.0
0.063901478,0.073171645,0.00005,312.34529,1.0
0.063901478,0.073595751,0.00005,312.34533,1.0
0.063901478,0.074019858,0.00005,312.34536,1.0
0.063901478,0.074443965,0.00005,312.34538,1.0
0.064327072,0.070202898,0.00005,312.31475,0.0
0.064327072,0.070627005,0.00005,312.3148,0.0
0.064327072,0.071051112,0.00005,312.31516,0.0
0.064327072,0.071475218,0.00005,312.34499,1.0
0.064327072,0.071899325,0.00005,312.34517,1.0
0.064327072,0.072323431,0.00005,312.34525,1.0
0.064327072,0.072747538,0.00005,312.34531,1.0
0.064327072,0.073171645,0.00005,312.34535,1.0
0.064327072,0.073595751,0.00005,312.34539,1.0
0.064327072,0.074019858,0.00005,312.34541,1.0
0.064327072,0.074443965,0.00005,312.34543,1.0
0.064752666,0.070202898,0.00005,312.31482,0.0
0.064752666,0.070627005,0.00005,312.31488,0.0
0.064752666,0.071051112,0.00005,312.3155,0.0
0.064752666,0.071475218,0.00005,312.34508,1.0
0.064752666,0.071899325,0.00005,312.34524,1.0
0.064752666,0.072323431,0.00005,312.34532,1.0
0.064752666,0.072747538,0.00005,312.34537,1.0
0.064752666,0.073171645,0.00005,312.34541,1.0
0.064752666,0.073595751,0.00005,312.34544,1.0
0.064752666,0.074019858,0.00005,312.34546,1.0
0.064752666,0.074443965,0.00005,312.34547,1.0
0.065178259,0.070202898,0.00005,312.3149,0.0
0.065178259,0.070627005,0.00005,312.31522,0.0
0.065178259,0.071051112,0.00005,312.34498,1.0
0.065178259,0.071475218,0.00005,312.34521,1.0
0.065178259,0.071899325,0.00005,312.34531,1.0
0.065178259,0.072323431,0.00005,312.34537,1.0
0.065178259,0.072747538,0.00005,312.34542,1.0
0.065178259,0.073171645,0.00005,312.34545,1.0
0.065178259,0.073595751,0.00005,312.34548,1.0
0.065178259,0.074019858,0.00005,312.3455,1.0
0.065178259,0.074443965,0.00005,312.34551,1.0
0.065603853,0.070202898,0.00005,312.31496,0.0
0.065603853,0.070627005,0.00005,312.31529,0.0
0.065603853,0.071051112,0.00005,312.34512,1.0
0.065603853,0.071475218,0.00005,312.34529,1.0
0.065603853,0.071899325,0.00005,312.34537,1.0
0.065603853,0.072323431,0.00005,312.34542,1.0
0.065603853,0.072747538,0.00005,312.34547,1.0
0.065603853,0.073171645,0.00005,312.3455,1.0
0.065603853,0.073595751,0.00005,312.34552,1.0
0.065603853,0.074019858,0.00005,312.34553,1.0
0.065603853,0.074443965,0.00005,312.34554,1.0
0.066029447,0.070202898,0.00005,312.31502,0.0
0.066029447,0.070627005,0.00005,312.31535,0.0
0.066029447,0.071051112,0.00005,312.34518,1.0
0.066029447,0.071475218,0.00005,312.34534,1.0
0.066029447,0.071899325,0.00005,312.34541,1.0
0.066029447,0.072323431,0.00005,312.34547,1.0
0.066029447,0.072747538,0.00005,312.3455,1.0
0.066029447,0.073171645,0.00005,312.34553,1.0
0.066029447,0.073595751,0.00005,312.34555,1.0
0.066029447,0.074019858,0.00005,312.34556,1.0
0.066029447,0.074443965,0.00005,312.34557,1.0
0.066455041,0.070202898,0.00005,312.31507,0.0
0.066455041,0.070627005,0.00005,312.3154,0.0
0.066455041,0.071051112,0.00005,312.34523,1.0
0.066455041,0.071475218,0.00005,312.34538,1.0
0.066455041,0.071899325,0.00005,312.34545,1.0
0.066455041,0.072323431,0.00005,312.3455,1.0
0.066455041,0.072747538,0.00005,312.34554,1.0
0.066455041,0.073171645,0.00005,312.34556,1.0
0.066455041,0.073595751,0.00005,312.34558,1.0
0.066455041,0.074019858,0.00005,312.34559,1.0
0.066455041,0.074443965,0.00005,312.3456,1.0
0.066880634,0.070202898,0.00005,312.31512,0.0
0.066880634,0.070627005,0.00005,312.3157,0.0
0.066880634,0.071051112,0.00005,312.34527,1.0
0.066880634,0.071475218,0.00005,312.34542,1.0
0.066880634,0.071899325,0.00005,312.34548,1.0
0.066880634,0.072323431,0.00005,312.34553,1.0
0.066880634,0.072747538,0.00005,312.34556,1.0
0.066880634,0.073171645,0.00005,312.34559,1.0
0.066880634,0.073595751,0.00005,312.3456,1.0
0.066880634,0.074019858,0.00005,312.34561,1.0
0.066880634,0.074443965,0.00005,312.34562,1.0
0.059219947,0.074443965,0.00005,312.31439,0.0
0.059219947,0.074868071,0.00005,312.31444,0.0
0.059219947,0.075292178,0.00005,312.31448,0.0
0.059219947,0.075716284,0.00005,312.31452,0.0
0.059219947,0.076140391,0.00005,312.31455,0.0
0.059219947,0.076564498,0.00005,312.31457,0.0
0.059219947,0.076988604,0.00005,312.31458,0.0
0.059219947,0.077412711,0.00005,312.3146,0.0
0.059219947,0.077836818,0.00005,312.31486,0.0
0.059219947,0.078260924,0.00005,312.31485,0.0
0.059219947,0.078685031,0.00005,312.3148,0.0
0.059219947,0.079109137,0.00005,312.31447,0.0
0.059219947,0.079533244,0.00005,312.31439,0.0
0.059219947,0.079957351,0.00005,312.31432,0.0
0.059219947,0.080381457,0.00005,312.31424,0.0
0.059645541,0.074443965,0.00005,312.31443,0.0
0.059645541,0.074868071,0.00005,312.31449,0.0
0.059645541,0.075292178,0.00005,312.31454,0.0
0.059645541,0.075716284,0.00005,312.31485,0.0
0.059645541,0.076140391,0.00005,312.31489,0.0
0.059645541,0.076564498,0.00005,312.31491,0.0
0.059645541,0.076988604,0.00005,312.31492,0.0
0.059645541,0.077412711,0.00005,312.31518,0.0
0.059645541,0.077836818,0.00005,312.34458,1.0
0.059645541,0.078260924,0.00005,312.34463,1.0
0.059645541,0.078685031,0.00005,312.34452,1.0
0.059645541,0.079109137,0.00005,312.31506,0.0
0.059645541,0.079533244,0.00005,312.31473,0.0
0.059645541,0.079957351,0.00005,312.31465,0.0
0.059645541,0.080381457,0.00005,312.31458,0.0
0.060071134,0.074443965,0.00005,312.31452,0.0
0.060071134,0.074868071,0.00005,312.31484,0.0
0.060071134,0.075292178,0.00005,312.31516,0.0
0.060071134,0.075716284,0.00005,312.34462,1.0
0.060071134,0.076140391,0.00005,312.34472,1.0
0.060071134,0.076564498,0.00005,312.34474,1.0
0.060071134,0.076988604,0.00005,312.34475,1.0
0.060071134,0.077412711,0.00005,312.34476,1.0
0.060071134,0.077836818,0.00005,312.34481,1.0
0.060071134,0.078260924,0.00005,312.34479,1.0
0.060071134,0.078685031,0.00005,312.34474,1.0
0.060071134,0.079109137,0.00005,312.34463,1.0
0.060071134,0.079533244,0.00005,312.34456,1.0
0.060071134,0.079957351,0.00005,312.34449,1.0
0.060071134,0.080381457,0.00005,312.34442,1.0
0.060496728,0.074443965,0.00005,312.31514,0.0
0.060496728,0.074868071,0.00005,312.34462,1.0
0.060496728,0.075292178,0.00005,312.34475,1.0
0.060496728,0.075716284,0.00005,312.34486,1.0
0.060496728,0.076140391,0.00005,312.3449,1.0
0.060496728,0.076564498,0.00005,312.34491,1.0
0.060496728,0.076988604,0.00005,312.34492,1.0
0.060496728,0.077412711,0.00005,312.34491,1.0
0.060496728,0.077836818,0.00005,312.3449,1.0
0.060496728,0.078260924,0.00005,312.34488,1.0
0.060496728,0.078685031,0.00005,312.34484,1.0
0.060496728,0.079109137,0.00005,312.34478,1.0
0.060496728,0.079533244,0.00005,312.34472,1.0
0.060496728,0.079957351,0.00005,312.34466,1.0
0.060496728,0.080381457,0.00005,312.34459,1.0
0.060922322,0.074443965,0.00005,312.34468,1.0
0.060922322,0.074868071,0.00005,312.34486,1.0
0.060922322,0.075292178,0.00005,312.34493,1.0
0.060922322,0.075716284,0.00005,312.34497,1.0
0.060922322,0.076140391,0.00005,312.34499,1.0
0.060922322,0.076564498,0.00005,312.345,1.0
0.060922322,0.076988604,0.00005,312.345,1.0
0.060922322,0.077412711,0.00005,312.34499,1.0
0.060922322,0.077836818,0.00005,312.34497,1.0
0.060922322,0.078260924,0.00005,312.34495,1.0
0.060922322,0.078685031,0.00005,312.34491,1.0
0.060922322,0.079109137,0.00005,312.34486,1.0
0.060922322,0.079533244,0.00005,312.34481,1.0
0.060922322,0.079957351,0.00005,312.34475,1.0
0.060922322,0.080381457,0.00005,312.34468,1.0
0.061347916,0.074443965,0.00005,312.34492,1.0
0.061347916,0.074868071,0.00005,312.34499,1.0
0.061347916,0.075292178,0.00005,312.34503,1.0
0.061347916,0.075716284,0.00005,312.34506,1.0
0.061347916,0.076140391,0.00005,312.34507,1.0
0.061347916,0.076564498,0.00005,312.34507,1.0
0.061347916,0.076988604,0.00005,312.34507,1.0
0.061347916,0.077412711,0.00005,312.34506,1.0
0.061347916,0.077836818,0.00005,312.34503,1.0
0.061347916,0.078260924,0.00005,312.34501,1.0
0.061347916,0.078685031,0.00005,312.34497,1.0
0.061347916,0.079109137,0.00005,312.34492,1.0
0.061347916,0.079533244,0.00005,312.34487,1.0
0.061347916,0.079957351,0.00005,312.34482,1.0
0.061347916,0.080381457,0.00005,312.34476,1.0
0.061773509,0.074443965,0.00005,312.34504,1.0
0.061773509,0.074868071,0.00005,312.34508,1.0
0.061773509,0.075292178,0.00005,312.34511,1.0
0.061773509,0.075716284,0.00005,312.34513,1.0
0.061773509,0.076140391,0.00005,312.34514,1.0
0.061773509,0.076564498,0.00005,312.34514,1.0
0.061773509,0.076988604,0.00005,312.34513,1.0
0.061773509,0.077412711,0.00005,312.34511,1.0
0.061773509,0.077836818,0.00005,312.34509,1.0
0.061773509,0.078260924,0.00005,312.34506,1.0
0.061773509,0.078685031,0.00005,312.34502,1.0
0.061773509,0.079109137,0.00005,312.34498,1.0
0.061773509,0.079533244,0.00005,312.34493,1.0
0.061773509,0.079957351,0.00005,312.34488,1.0
0.062199103,0.074443965,0.00005,312.34513,1.0
0.062199103,0.074868071,0.00005,312.34516,1.0
0.062199103,0.075292178,0.00005,312.34518,1.0
0.062199103,0.075716284,0.00005,312.34519,1.0
0.062199103,0.076140391,0.00005,312.3452,1.0
0.062199103,0.076564498,0.00005,312.34519,1.0
0.062199103,0.076988604,0.00005,312.34518,1.0
0.062199103,0.077412711,0.00005,312.34516,1.0
0.062199103,0.077836818,0.00005,312.34514,1.0
0.062199103,0.078260924,0.00005,312.34511,1.0
0.062199103,0.078685031,0.00005,312.34507,1.0
0.062199103,0.079109137,0.00005,312.34503,1.0
0.062199103,0.079533244,0.00005,312.34498,1.0
0.062199103,0.079957351,0.00005,312.34493,1.0
0.062624697,0.074868071,0.00005,312.34523,1.0
0.062624697,0.075292178,0.00005,312.34524,1.0
0.062624697,0.075716284,0.00005,312.34525,1.0
0.062624697,0.076140391,0.00005,312.34525,1.0
0.062624697,0.076564498,0.00005,312.34524,1.0
0.062624697,0.076988604,0.00005,312.34523,1.0
0.062624697,0.077412711,0.00005,312.34521,1.0
0.062624697,0.077836818,0.00005,312.34518,1.0
0.062624697,0.078260924,0.00005,312.34515,1.0
0.062624697,0.078685031,0.00005,312.34512,1.0
0.062624697,0.079109137,0.00005,312.34507,1.0
0.062624697,0.079533244,0.00005,312.34503,1.0
0.062624697,0.079957351,0.00005,312.34498,1.0
0.063050291,0.074868071,0.00005,312.34529,1.0
0.063050291,0.075292178,0.00005,312.3453,1.0
0.063050291,0.075716284,0.00005,312.3453,1.0
0.063050291,0.076140391,0.00005,312.3453,1.0
0.063050291,0.076564498,0.00005,312.34529,1.0
0.063050291,0.076988604,0.00005,312.34527,1.0
0.063050291,0.077412711,0.00005,312.34525,1.0
0.063050291,0.077836818,0.00005,312.34522,1.0
0.063050291,0.078260924,0.00005,312.34519,1.0
0.063050291,0.078685031,0.00005,312.34516,1.0
0.063050291,0.079109137,0.00005,312.34512,1.0
0.063050291,0.079533244,0.00005,312.34507,1.0
0.063475884,0.074868071,0.00005,312.34534,1.0
0.063475884,0.075292178,0.00005,312.34535,1.0
0.063475884,0.075716284,0.00005,312.34535,1.0
0.063475884,0.076140391,0.00005,312.34534,1.0
0.063475884,0.076564498,0.00005,312.34533,1.0
0.063475884,0.076988604,0.00005,312.34531,1.0
0.063475884,0.077412711,0.00005,312.34529,1.0
0.063475884,0.077836818,0.00005,312.34526,1.0
0.063475884,0.078260924,0.00005,312.34523,1.0
0.063475884,0.078685031,0.00005,312.3452,1.0
0.063475884,0.079109137,0.00005,312.34516,1.0
0.063475884,0.079533244,0.00005,312.34511,1.0
0.063901478,0.074868071,0.00005,312.34539,1.0
0.063901478,0.075292178,0.00005,312.34539,1.0
0.063901478,0.075716284,0.00005,312.34539,1.0
0.063901478,0.076140391,0.00005,312.34538,1.0
0.063901478,0.076564498,0.00005,312.34537,1.0
0.063901478,0.076988604,0.00005,312.34535,1.0
0.063901478,0.077412711,0.00005,312.34533,1.0
0.063901478,0.077836818,0.00005,312.3453,1.0
0.063901478,0.078260924,0.00005,312.34527,1.0
0.063901478,0.078685031,0.00005,312.34523,1.0
0.063901478,0.079109137,0.00005,312.34519,1.0
0.063901478,0.079533244,0.00005,312.34515,1.0
0.064327072,0.074868071,0.00005,312.34543,1.0
0.064327072,0.075292178,0.00005,312.34544,1.0
0.064327072,0.075716284,0.00005,312.34543,1.0
0.064327072,0.076140391,0.00005,312.34542,1.0
0.064327072,0.076564498,0.00005,312.34541,1.0
0.064327072,0.076988604,0.00005,312.34539,1.0
0.064327072,0.077412711,0.00005,312.34536,1.0
0.064327072,0.077836818,0.00005,312.34533,1.0
0.064327072,0.078260924,0.00005,312.3453,1.0
0.064327072,0.078685031,0.00005,312.34527,1.0
0.064327072,0.079109137,0.00005,312.34523,1.0
0.064327072,0.079533244,0.00005,312.34519,1.0
0.064752666,0.074868071,0.00005,312.34547,1.0
0.064752666,0.075292178,0.00005,312.34547,1.0
0.064752666,0.075716284,0.00005,312.34547,1.0
0.064752666,0.076140391,0.00005,312.34546,1.0
0.064752666,0.076564498,0.00005,312.34544,1.0
0.064752666,0.076988604,0.00005,312.34542,1.0
0.064752666,0.077412711,0.00005,312.3454,1.0
0.064752666,0.077836818,0.00005,312.34537,1.0
0.064752666,0.078260924,0.00005,312.34533,1.0
0.064752666,0.078685031,0.00005,312.3453,1.0
0.064752666,0.079109137,0.00005,312.34526,1.0
0.064752666,0.079533244,0.00005,312.34522,1.0
0.065178259,0.074868071,0.00005,312.34551,1.0
0.065178259,0.075292178,0.00005,312.34551,1.0
0.065178259,0.075716284,0.00005,312.3455,1.0
0.065178259,0.076140391,0.00005,312.34549,1.0
0.065178259,0.076564498,0.00005,312.34547,1.0
0.065178259,0.076988604,0.00005,312.34545,1.0
0.065178259,0.077412711,0.00005,312.34542,1.0
0.065178259,0.077836818,0.00005,312.3454,1.0
0.065178259,0.078260924,0.00005,312.34536,1.0
0.065178259,0.078685031,0.00005,312.34533,1.0
0.065178259,0.079109137,0.00005,312.34529,1.0
0.065178259,0.079533244,0.00005,312.34525,1.0
0.067306228,0.070202898,0.00005,312.31542,0.0
0.067306228,0.070627005,0.00005,312.34514,1.0
0.067306228,0.071051112,0.00005,312.34536,1.0
0.067306228,0.071475218,0.00005,312.34545,1.0
0.067306228,0.071899325,0.00005,312.34551,1.0
0.067306228,0.072323431,0.00005,312.34555,1.0
0.067306228,0.072747538,0.00005,312.34558,1.0
0.067306228,0.073171645,0.00005,312.34561,1.0
0.067731822,0.070202898,0.00005,312.31544,0.0
0.067731822,0.070627005,0.00005,312.34515,1.0
0.067731822,0.071051112,0.00005,312.34537,1.0
0.067731822,0.071475218,0.00005,312.34546,1.0
0.067731822,0.071899325,0.00005,312.34552,1.0
0.067731822,0.072323431,0.00005,312.34556,1.0
0.067731822,0.072747538,0.00005,312.3456,1.0
0.067731822,0.073171645,0.00005,312.34562,1.0
0.068157416,0.070202898,0.00005,312.31517,0.0
0.068157416,0.070627005,0.00005,312.31575,0.0
0.068157416,0.071051112,0.00005,312.34532,1.0
0.068157416,0.071475218,0.00005,312.34546,1.0
0.068157416,0.071899325,0.00005,312.34553,1.0
0.068157416,0.072323431,0.00005,312.34557,1.0
0.068157416,0.072747538,0.00005,312.3456,1.0
0.068157416,0.073171645,0.00005,312.34563,1.0
0.068583009,0.070202898,0.00005,312.31514,0.0
0.068583009,0.070627005,0.00005,312.31548,0.0
0.068583009,0.071051112,0.00005,312.3453,1.0
0.068583009,0.071475218,0.00005,312.34545,1.0
0.068583009,0.071899325,0.00005,312.34552,1.0
0.068583009,0.072323431,0.00005,312.34557,1.0
0.068583009,0.072747538,0.00005,312.34561,1.0
0.068583009,0.073171645,0.00005,312.34563,1.0
0.069008603,0.070202898,0.00005,312.31512,0.0
0.069008603,0.070627005,0.00005,312.31545,0.0
0.069008603,0.071051112,0.00005,312.34528,1.0
0.069008603,0.071475218,0.00005,312.34544,1.0
0.069008603,0.071899325,0.00005,312.34551,1.0
0.069008603,0.072323431,0.00005,312.34556,1.0
0.069008603,0.072747538,0.00005,312.3456,1.0
0.069008603,0.073171645,0.00005,312.34563,1.0
0.069434197,0.070202898,0.00005,312.31509,0.0
0.069434197,0.070627005,0.00005,312.31543,0.0
0.069434197,0.071051112,0.00005,312.34526,1.0
0.069434197,0.071475218,0.00005,312.34542,1.0
0.069434197,0.071899325,0.00005,312.3455,1.0
0.069434197,0.072323431,0.00005,312.34555,1.0
0.069434197,0.072747538,0.00005,312.34559,1.0
0.069434197,0.073171645,0.00005,312.34562,1.0
0.069859791,0.070202898,0.00005,312.31506,0.0
0.069859791,0.070627005,0.00005,312.31539,0.0
0.069859791,0.071051112,0.00005,312.34522,1.0
0.069859791,0.071475218,0.00005,312.34539,1.0
0.069859791,0.071899325,0.00005,312.34547,1.0
0.069859791,0.072323431,0.00005,312.34553,1.0
0.069859791,0.072747538,0.00005,312.34557,1.0
0.069859791,0.073171645,0.00005,312.3456,1.0
0.069859791,0.073595751,0.00005,312.34563,1.0
0.069859791,0.074019858,0.00005,312.34564,1.0
0.070285384,0.070202898,0.00005,312.31502,0.0
0.070285384,0.070627005,0.00005,312.31534,0.0
0.070285384,0.071051112,0.00005,312.3451,1.0
0.070285384,0.071475218,0.00005,312.34533,1.0
0.070285384,0.071899325,0.00005,312.34543,1.0
0.070285384,0.072323431,0.00005,312.34549,1.0
0.070285384,0.072747538,0.00005,312.34554,1.0
0.070285384,0.073171645,0.00005,312.34558,1.0
0.070285384,0.073595751,0.00005,312.34561,1.0
0.070285384,0.074019858,0.00005,312.34563,1.0
0.070710978,0.070202898,0.00005,312.31496,0.0
0.070710978,0.070627005,0.00005,312.31502,0.0
0.070710978,0.071051112,0.00005,312.31563,0.0
0.070710978,0.071475218,0.00005,312.34521,1.0
0.070710978,0.071899325,0.00005,312.34537,1.0
0.070710978,0.072323431,0.00005,312.34545,1.0
0.070710978,0.072747538,0.00005,312.34551,1.0
0.070710978,0.073171645,0.00005,312.34555,1.0
0.070710978,0.073595751,0.00005,312.34558,1.0
0.070710978,0.074019858,0.00005,312.3456,1.0
0.071136572,0.070202898,0.00005,312.3149,0.0
0.071136572,0.070627005,0.00005,312.31494,0.0
0.071136572,0.071051112,0.00005,312.3153,0.0
0.071136572,0.071475218,0.00005,312.34507,1.0
0.071136572,0.071899325,0.00005,312.3453,1.0
0.071136572,0.072323431,0.00005,312.3454,1.0
0.071136572,0.072747538,0.00005,312.34546,1.0
0.071136572,0.073171645,0.00005,312.34551,1.0
0.071136572,0.073595751,0.00005,312.34555,1.0
0.071136572,0.074019858,0.00005,312.34557,1.0
0.071562166,0.070202898,0.00005,312.31484,0.0
0.071562166,0.070627005,0.00005,312.31487,0.0
0.071562166,0.071051112,0.00005,312.31495,0.0
0.071562166,0.071475218,0.00005,312.31558,0.0
0.071562166,0.071899325,0.00005,312.34516,1.0
0.071562166,0.072323431,0.00005,312.34532,1.0
0.071562166,0.072747538,0.00005,312.3454,1.0
0.071562166,0.073171645,0.00005,312.34546,1.0
0.071562166,0.073595751,0.00005,312.34551,1.0
0.071562166,0.074019858,0.00005,312.34554,1.0
0.071987759,0.070202898,0.00005,312.31478,0.0
0.071987759,0.070627005,0.00005,312.31481,0.0
0.071987759,0.071051112,0.00005,312.31487,0.0
0.071987759,0.071475218,0.00005,312.31523,0.0
0.071987759,0.071899325,0.00005,312.345,1.0
0.071987759,0.072323431,0.00005,312.34523,1.0
0.071987759,0.072747538,0.00005,312.34533,1.0
0.071987759,0.073171645,0.00005,312.3454,1.0
0.071987759,0.073595751,0.00005,312.34545,1.0
0.071987759,0.074019858,0.00005,312.34549,1.0
0.072413353,0.070202898,0.00005,312.31472,0.0
0.072413353,0.070627005,0.00005,312.31475,0.0
0.072413353,0.071051112,0.00005,312.31479,0.0
0.072413353,0.071475218,0.00005,312.31488,0.0
0.072413353,0.071899325,0.00005,312.31549,0.0
0.072413353,0.072323431,0.00005,312.34501,1.0
0.072413353,0.072747538,0.00005,312.34523,1.0
0.072413353,0.073171645,0.00005,312.34532,1.0
0.072413353,0.073595751,0.00005,312.34539,1.0
0.072838947,0.070202898,0.00005,312.31467,0.0
0.072838947,0.070627005,0.00005,312.31469,0.0
0.072838947,0.071051112,0.00005,312.31473,0.0
0.072838947,0.071475218,0.00005,312.31478,0.0
0.072838947,0.071899325,0.00005,312.31488,0.0
0.072838947,0.072323431,0.00005,312.31549,0.0
0.072838947,0.072747538,0.00005,312.34501,1.0
0.072838947,0.073171645,0.00005,312.34522,1.0
0.072838947,0.073595751,0.00005,312.34531,1.0
0.073264541,0.070202898,0.00005,312.31462,0.0
0.073264541,0.070627005,0.00005,312.31464,0.0
0.073264541,0.071051112,0.00005,312.31467,0.0
0.073264541,0.071475218,0.00005,312.31471,0.0
0.073264541,0.071899325,0.00005,312.31477,0.0
0.073264541,0.072323431,0.00005,312.31487,0.0
0.073264541,0.072747538,0.00005,312.31548,0.0
0.073264541,0.073171645,0.00005,312.34499,1.0
0.073690134,0.070202898,0.00005,312.31458,0.0
0.073690134,0.070627005,0.00005,312.31459,0.0
0.073690134,0.071051112,0.00005,312.31462,0.0
0.073690134,0.071475218,0.00005,312.31465,0.0
0.073690134,0.071899325,0.00005,312.3147,0.0
0.073690134,0.072323431,0.00005,312.31476,0.0
0.073690134,0.072747538,0.00005,312.31485,0.0
0.073690134,0.073171645,0.00005,312.31546,0.0
0.074115728,0.070202898,0.00005,312.31455,0.0
0.074115728,0.070627005,0.00005,312.31456,0.0
0.074115728,0.071051112,0.00005,312.31457,0.0
0.074115728,0.071475218,0.00005,312.3146,0.0
0.074115728,0.071899325,0.00005,312.31464,0.0
0.074115728,0.072323431,0.00005,312.31469,0.0
0.074115728,0.072747538,0.00005,312.31475,0.0
0.074115728,0.073171645,0.00005,312.31483,0.0
0.074541322,0.070202898,0.00005,312.31452,0.0
0.074541322,0.070627005,0.00005,312.31453,0.0
0.074541322,0.071051112,0.00005,312.31454,0.0
0.074541322,0.071475218,0.00005,312.31456,0.0
0.074541322,0.071899325,0.00005,312.31459,0.0
0.074541322,0.072323431,0.00005,312.31463,0.0
0.074541322,0.072747538,0.00005,312.31468,0.0
0.074541322,0.073171645,0.00005,312.31473,0.0
0.074966916,0.070202898,0.00005,312.3145,0.0
0.074966916,0.070627005,0.00005,312.3145,0.0
0.074966916,0.071051112,0.00005,312.31452,0.0
0.074966916,0.071475218,0.00005,312.31453,0.0
0.074966916,0.071899325,0.00005,312.31456,0.0
0.074966916,0.072323431,0.00005,312.31459,0.0
0.074966916,0.072747538,0.00005,312.31463,0.0
0.074966916,0.073171645,0.00005,312.31467,0.0
0.075392509,0.070202898,0.00005,312.31448,0.0
0.075392509,0.070627005,0.00005,312.31449,0.0
0.075392509,0.071051112,0.00005,312.3145,0.0
0.075392509,0.071475218,0.00005,312.31452,0.0
0.075392509,0.071899325,0.00005,312.31454,0.0
0.075392509,0.072323431,0.00005,312.31456,0.0
0.075392509,0.072747538,0.00005,312.3146,0.0
0.075392509,0.073171645,0.00005,312.31463,0.0
0.075818103,0.070202898,0.00005,312.31447,0.0
0.075818103,0.070627005,0.00005,312.31448,0.0
0.075818103,0.071051112,0.00005,312.31449,0.0
0.075818103,0.071475218,0.00005,312.31451,0.0
0.075818103,0.071899325,0.00005,312.31453,0.0
0.075818103,0.072323431,0.00005,312.31455,0.0
0.075818103,0.072747538,0.00005,312.31458,0.0
0.075818103,0.073171645,0.00005,312.31462,0.0
0.065603853,0.074868071,0.00005,312.34554,1.0
0.065603853,0.075292178,0.00005,312.34554,1.0
0.065603853,0.075716284,0.00005,312.34553,1.0
0.065603853,0.076140391,0.00005,312.34552,1.0
0.065603853,0.076564498,0.00005,312.3455,1.0
0.065603853,0.076988604,0.00005,312.34548,1.0
0.065603853,0.077412711,0.00005,312.34545,1.0
0.065603853,0.077836818,0.00005,312.34542,1.0
0.065603853,0.078260924,0.00005,312.34539,1.0
0.065603853,0.078685031,0.00005,312.34536,1.0
0.065603853,0.079109137,0.00005,312.34532,1.0
0.066029447,0.074868071,0.00005,312.34557,1.0
0.066029447,0.075292178,0.00005,312.34557,1.0
0.066029447,0.075716284,0.00005,312.34556,1.0
0.066029447,0.076140391,0.00005,312.34554,1.0
0.066029447,0.076564498,0.00005,312.34552,1.0
0.066029447,0.076988604,0.00005,312.3455,1.0
0.066029447,0.077412711,0.00005,312.34548,1.0
0.066029447,0.077836818,0.00005,312.34545,1.0
0.066029447,0.078260924,0.00005,312.34542,1.0
0.066029447,0.078685031,0.00005,312.34538,1.0
0.066029447,0.079109137,0.00005,312.34534,1.0
0.066455041,0.074868071,0.00005,312.3456,1.0
0.066455041,0.075292178,0.00005,312.34559,1.0
0.066455041,0.075716284,0.00005,312.34558,1.0
0.066455041,0.076140391,0.00005,312.34557,1.0
0.066455041,0.076564498,0.00005,312.34555,1.0
0.066455041,0.076988604,0.00005,312.34553,1.0
0.066455041,0.077412711,0.00005,312.3455,1.0
0.066455041,0.077836818,0.00005,312.34547,1.0
0.066455041,0.078260924,0.00005,312.34544,1.0
0.066455041,0.078685031,0.00005,312.3454,1.0
0.066455041,0.079109137,0.00005,312.34536,1.0
0.066455041,0.079533244,0.00005,312.34532,1.0
0.066455041,0.079957351,0.00005,312.34528,1.0
0.066880634,0.074868071,0.00005,312.34562,1.0
0.066880634,0.075292178,0.00005,312.34561,1.0
0.066880634,0.075716284,0.00005,312.3456,1.0
0.066880634,0.076140391,0.00005,312.34559,1.0
0.066880634,0.076564498,0.00005,312.34557,1.0
0.066880634,0.076988604,0.00005,312.34554,1.0
0.066880634,0.077412711,0.00005,312.34552,1.0
0.066880634,0.077836818,0.00005,312.34549,1.0
0.066880634,0.078260924,0.00005,312.34546,1.0
0.066880634,0.078685031,0.00005,312.34542,1.0
0.066880634,0.079109137,0.00005,312.34538,1.0
0.066880634,0.079533244,0.00005,312.34534,1.0
0.066880634,0.079957351,0.00005,312.3453,1.0
0.067306228,0.073595751,0.00005,312.34562,1.0
0.067306228,0.074019858,0.00005,312.34563,1.0
0.067306228,0.074443965,0.00005,312.34564,1.0
0.067306228,0.074868071,0.00005,312.34564,1.0
0.067306228,0.075292178,0.00005,312.34563,1.0
0.067306228,0.075716284,0.00005,312.34562,1.0
0.067306228,0.076140391,0.00005,312.3456,1.0
0.067306228,0.076564498,0.00005,312.34558,1.0
0.067306228,0.076988604,0.00005,312.34556,1.0
0.067306228,0.077412711,0.00005,312.34554,1.0
0.067306228,0.077836818,0.00005,312.34551,1.0
0.067306228,0.078260924,0.00005,312.34547,1.0
0.067306228,0.078685031,0.00005,312.34544,1.0
0.067306228,0.079109137,0.00005,312.3454,1.0
0.067306228,0.079533244,0.00005,312.34536,1.0
0.067306228,0.079957351,0.00005,312.34532,1.0
0.067731822,0.073595751,0.00005,312.34564,1.0
0.067731822,0.074019858,0.00005,312.34565,1.0
0.067731822,0.074443965,0.00005,312.34565,1.0
0.067731822,0.074868071,0.00005,312.34565,1.0
0.067731822,0.075292178,0.00005,312.34564,1.0
0.067731822,0.075716284,0.00005,312.34563,1.0
0.067731822,0.076140391,0.00005,312.34562,1.0
0.067731822,0.076564498,0.00005,312.3456,1.0
0.067731822,0.076988604,0.00005,312.34558,1.0
0.067731822,0.077412711,0.00005,312.34555,1.0
0.067731822,0.077836818,0.00005,312.34552,1.0
0.067731822,0.078260924,0.00005,312.34549,1.0
0.067731822,0.078685031,0.00005,312.34545,1.0
0.067731822,0.079109137,0.00005,312.34542,1.0
0.067731822,0.079533244,0.00005,312.34538,1.0
0.067731822,0.079957351,0.00005,312.34534,1.0
0.068157416,0.073595751,0.00005,312.34565,1.0
0.068157416,0.074019858,0.00005,312.34566,1.0
0.068157416,0.074443965,0.00005,312.34566,1.0
0.068157416,0.074868071,0.00005,312.34566,1.0
0.068157416,0.075292178,0.00005,312.34565,1.0
0.068157416,0.075716284,0.00005,312.34564,1.0
0.068157416,0.076140391,0.00005,312.34563,1.0
0.068157416,0.076564498,0.00005,312.34561,1.0
0.068157416,0.076988604,0.00005,312.34559,1.0
0.068157416,0.077412711,0.00005,312.34556,1.0
0.068157416,0.077836818,0.00005,312.34553,1.0
0.068157416,0.078260924,0.00005,312.3455,1.0
0.068157416,0.078685031,0.00005,312.34546,1.0
0.068157416,0.079109137,0.00005,312.34543,1.0
0.068157416,0.079533244,0.00005,312.34539,1.0
0.068157416,0.079957351,0.00005,312.34535,1.0
0.068583009,0.073595751,0.00005,312.34565,1.0
0.068583009,0.074019858,0.00005,312.34566,1.0
0.068583009,0.074443965,0.00005,312.34567,1.0
0.068583009,0.074868071,0.00005,312.34566,1.0
0.068583009,0.075292178,0.00005,312.34566,1.0
0.068583009,0.075716284,0.00005,312.34565,1.0
0.068583009,0.076140391,0.00005,312.34563,1.0
0.068583009,0.076564498,0.00005,312.34562,1.0
0.068583009,0.076988604,0.00005,312.34559,1.0
0.068583009,0.077412711,0.00005,312.34557,1.0
0.068583009,0.077836818,0.00005,312.34554,1.0
0.068583009,0.078260924,0.00005,312.34551,1.0
0.068583009,0.078685031,0.00005,312.34547,1.0
0.068583009,0.079109137,0.00005,312.34544,1.0
0.068583009,0.079533244,0.00005,312.3454,1.0
0.068583009,0.079957351,0.00005,312.34536,1.0
0.069008603,0.073595751,0.00005,312.34565,1.0
0.069008603,0.074019858,0.00005,312.34566,1.0
0.069008603,0.074443965,0.00005,312.34567,1.0
0.069008603,0.074868071,0.00005,312.34567,1.0
0.069008603,0.075292178,0.00005,312.34566,1.0
0.069008603,0.075716284,0.00005,312.34565,1.0
0.069008603,0.076140391,0.00005,312.34564,1.0
0.069008603,0.076564498,0.00005,312.34562,1.0
0.069008603,0.076988604,0.00005,312.3456,1.0
0.069008603,0.077412711,0.00005,312.34557,1.0
0.069008603,0.077836818,0.00005,312.34554,1.0
0.069008603,0.078260924,0.00005,312.34551,1.0
0.069008603,0.078685031,0.00005,312.34548,1.0
0.069008603,0.079109137,0.00005,312.34544,1.0
0.069008603,0.079533244,0.00005,312.3454,1.0
0.069008603,0.079957351,0.00005,312.34536,1.0
0.069434197,0.073595751,0.00005,312.34564,1.0
0.069434197,0.074019858,0.00005,312.34565,1.0
0.069434197,0.074443965,0.00005,312.34566,1.0
0.069434197,0.074868071,0.00005,312.34566,1.0
0.069434197,0.075292178,0.00005,312.34566,1.0
0.069434197,0.075716284,0.00005,312.34565,1.0
0.069434197,0.076140391,0.00005,312.34564,1.0
0.069434197,0.076564498,0.00005,312.34562,1.0
0.069434197,0.076988604,0.00005,312.3456,1.0
0.069434197,0.077412711,0.00005,312.34557,1.0
0.069434197,0.077836818,0.00005,312.34555,1.0
0.069434197,0.078260924,0.00005,312.34552,1.0
0.069434197,0.078685031,0.00005,312.34548,1.0
0.069434197,0.079109137,0.00005,312.34544,1.0
0.069434197,0.079533244,0.00005,312.3454,1.0
0.069859791,0.074443965,0.00005,312.34565,1.0
0.069859791,0.074868071,0.00005,312.34566,1.0
0.069859791,0.075292178,0.00005,312.34565,1.0
0.069859791,0.075716284,0.00005,312.34565,1.0
0.069859791,0.076140391,0.00005,312.34563,1.0
0.069859791,0.076564498,0.00005,312.34562,1.0
0.069859791,0.076988604,0.00005,312.3456,1.0
0.069859791,0.077412711,0.00005,312.34557,1.0
0.069859791,0.077836818,0.00005,312.34555,1.0
0.069859791,0.078260924,0.00005,312.34551,1.0
0.069859791,0.078685031,0.00005,312.34548,1.0
0.070285384,0.074443965,0.00005,312.34564,1.0
0.070285384,0.074868071,0.00005,312.34564,1.0
0.070285384,0.075292178,0.00005,312.34564,1.0
0.070285384,0.075716284,0.00005,312.34564,1.0
0.070285384,0.076140391,0.00005,312.34563,1.0
0.070285384,0.076564498,0.00005,312.34561,1.0
0.070285384,0.076988604,0.00005,312.34559,1.0
0.070285384,0.077412711,0.00005,312.34557,1.0
0.070285384,0.077836818,0.00005,312.34554,1.0
0.070285384,0.078260924,0.00005,312.34551,1.0
0.070285384,0.078685031,0.00005,312.34548,1.0
0.070710978,0.074443965,0.00005,312.34562,1.0
0.070710978,0.074868071,0.00005,312.34563,1.0
0.070710978,0.075292178,0.00005,312.34563,1.0
0.070710978,0.075716284,0.00005,312.34562,1.0
0.070710978,0.076140391,0.00005,312.34561,1.0
0.070710978,0.076564498,0.00005,312.3456,1.0
0.070710978,0.076988604,0.00005,312.34558,1.0
0.070710978,0.077412711,0.00005,312.34556,1.0
0.070710978,0.077836818,0.00005,312.34553,1.0
0.070710978,0.078260924,0.00005,312.3455,1.0
0.070710978,0.078685031,0.00005,312.34547,1.0
0.071136572,0.074443965,0.00005,312.34559,1.0
0.071136572,0.074868071,0.00005,312.3456,1.0
0.071136572,0.075292178,0.00005,312.34561,1.0
0.071136572,0.075716284,0.00005,312.34561,1.0
0.071136572,0.076140391,0.00005,312.3456,1.0
0.071136572,0.076564498,0.00005,312.34559,1.0
0.071136572,0.076988604,0.00005,312.34557,1.0
0.071136572,0.077412711,0.00005,312.34555,1.0
0.071136572,0.077836818,0.00005,312.34552,1.0
0.071136572,0.078260924,0.00005,312.34549,1.0
0.071136572,0.078685031,0.00005,312.34546,1.0
0.071562166,0.074443965,0.00005,312.34556,1.0
0.071562166,0.074868071,0.00005,312.34558,1.0
0.071562166,0.075292178,0.00005,312.34558,1.0
0.071562166,0.075716284,0.00005,312.34558,1.0
0.071562166,0.076140391,0.00005,312.34558,1.0
0.071562166,0.076564498,0.00005,312.34557,1.0
0.071562166,0.076988604,0.00005,312.34555,1.0
0.071562166,0.077412711,0.00005,312.34553,1.0
0.071562166,0.077836818,0.00005,312.3455,1.0
0.071562166,0.078260924,0.00005,312.34547,1.0
0.071562166,0.078685031,0.00005,312.34544,1.0
0.071987759,0.074443965,0.00005,312.34552,1.0
0.071987759,0.074868071,0.00005,312.34554,1.0
0.071987759,0.075292178,0.00005,312.34555,1.0
0.071987759,0.075716284,0.00005,312.34555,1.0
0.071987759,0.076140391,0.00005,312.34555,1.0
0.071987759,0.076564498,0.00005,312.34554,1.0
0.071987759,0.076988604,0.00005,312.34553,1.0
0.071987759,0.077412711,0.00005,312.34551,1.0
0.071987759,0.077836818,0.00005,312.34548,1.0
0.071987759,0.078260924,0.00005,312.34545,1.0
0.071987759,0.078685031,0.00005,312.34542,1.0
0.072413353,0.074019858,0.00005,312.34544,1.0
0.072413353,0.074443965,0.00005,312.34547,1.0
0.072413353,0.074868071,0.00005,312.3455,1.0
0.072413353,0.075292178,0.00005,312.34551,1.0
0.072413353,0.075716284,0.00005,312.34552,1.0
0.072413353,0.076140391,0.00005,312.34552,1.0
0.072413353,0.076564498,0.00005,312.34551,1.0
0.072413353,0.076988604,0.00005,312.3455,1.0
0.072413353,0.077412711,0.00005,312.34548,1.0
0.072413353,0.077836818,0.00005,312.34546,1.0
0.072413353,0.078260924,0.00005,312.34543,1.0
0.072413353,0.078685031,0.00005,312.3454,1.0
0.072838947,0.074019858,0.00005,312.34537,1.0
0.072838947,0.074443965,0.00005,312.34541,1.0
0.072838947,0.074868071,0.00005,312.34544,1.0
0.072838947,0.075292178,0.00005,312.34547,1.0
0.072838947,0.075716284,0.00005,312.34548,1.0
0.072838947,0.076140391,0.00005,312.34548,1.0
0.072838947,0.076564498,0.00005,312.34548,1.0
0.072838947,0.076988604,0.00005,312.34547,1.0
0.072838947,0.077412711,0.00005,312.34545,1.0
0.072838947,0.077836818,0.00005,312.34543,1.0
0.072838947,0.078260924,0.00005,312.3454,1.0
0.072838947,0.078685031,0.00005,312.34537,1.0
0.073264541,0.073595751,0.00005,312.34519,1.0
0.073264541,0.074019858,0.00005,312.34528,1.0
0.073264541,0.074443965,0.00005,312.34534,1.0
0.073264541,0.074868071,0.00005,312.34538,1.0
0.073264541,0.075292178,0.00005,312.34541,1.0
0.073264541,0.075716284,0.00005,312.34543,1.0
0.073264541,0.076140391,0.00005,312.34544,1.0
0.073264541,0.076564498,0.00005,312.34544,1.0
0.073264541,0.076988604,0.00005,312.34543,1.0
0.073264541,0.077412711,0.00005,312.34541,1.0
0.073264541,0.077836818,0.00005,312.34539,1.0
0.073264541,0.078260924,0.00005,312.34536,1.0
0.073264541,0.078685031,0.00005,312.34533,1.0
0.073690134,0.073595751,0.00005,312.34495,1.0
0.073690134,0.074019858,0.00005,312.3451,1.0
0.073690134,0.074443965,0.00005,312.34523,1.0
0.073690134,0.074868071,0.00005,312.3453,1.0
0.073690134,0.075292178,0.00005,312.34534,1.0
0.073690134,0.075716284,0.00005,312.34537,1.0
0.073690134,0.076140391,0.00005,312.34538,1.0
0.073690134,0.076564498,0.00005,312.34539,1.0
0.073690134,0.076988604,0.00005,312.34538,1.0
0.073690134,0.077412711,0.00005,312.34537,1.0
0.073690134,0.077836818,0.00005,312.34535,1.0
0.073690134,0.078260924,0.00005,312.34532,1.0
0.073690134,0.078685031,0.00005,312.34529,1.0
0.074115728,0.073595751,0.00005,312.31517,0.0
0.074115728,0.074019858,0.00005,312.31551,0.0
0.074115728,0.074443965,0.00005,312.345,1.0
0.074115728,0.074868071,0.00005,312.34519,1.0
0.074115728,0.075292178,0.00005,312.34525,1.0
0.074115728,0.075716284,0.00005,312.34529,1.0
0.074115728,0.076140391,0.00005,312.34531,1.0
0.074115728,0.076564498,0.00005,312.34532,1.0
0.074115728,0.076988604,0.00005,312.34532,1.0
0.074115728,0.077412711,0.00005,312.34531,1.0
0.074115728,0.077836818,0.00005,312.34529,1.0
0.074115728,0.078260924,0.00005,312.34527,1.0
0.074115728,0.078685031,0.00005,312.34523,1.0
0.074541322,0.073595751,0.00005,312.3148,0.0
0.074541322,0.074019858,0.00005,312.31488,0.0
0.074541322,0.074443965,0.00005,312.31547,0.0
0.074541322,0.074868071,0.00005,312.34495,1.0
0.074541322,0.075292178,0.00005,312.34508,1.0
0.074541322,0.075716284,0.00005,312.34519,1.0
0.074541322,0.076140391,0.00005,312.34522,1.0
0.074541322,0.076564498,0.00005,312.34524,1.0
0.074541322,0.076988604,0.00005,312.34524,1.0
0.074541322,0.077412711,0.00005,312.34523,1.0
0.074541322,0.077836818,0.00005,312.34522,1.0
0.074541322,0.078260924,0.00005,312.3452,1.0
0.074541322,0.078685031,0.00005,312.34517,1.0
0.074966916,0.073595751,0.00005,312.31472,0.0
0.074966916,0.074019858,0.00005,312.31478,0.0
0.074966916,0.074443965,0.00005,312.31485,0.0
0.074966916,0.074868071,0.00005,312.31518,0.0
0.074966916,0.075292178,0.00005,312.3155,0.0
0.074966916,0.075716284,0.00005,312.34495,1.0
0.074966916,0.076140391,0.00005,312.34505,1.0
0.074966916,0.076564498,0.00005,312.34507,1.0
0.074966916,0.076988604,0.00005,312.34508,1.0
0.074966916,0.077412711,0.00005,312.34507,1.0
0.074966916,0.077836818,0.00005,312.34507,1.0
0.074966916,0.078260924,0.00005,312.34511,1.0
0.074966916,0.078685031,0.00005,312.34507,1.0
0.075392509,0.073595751,0.00005,312.31467,0.0
0.075392509,0.074019858,0.00005,312.31472,0.0
0.075392509,0.074443965,0.00005,312.31477,0.0
0.075392509,0.074868071,0.00005,312.31483,0.0
0.075392509,0.075292178,0.00005,312.31488,0.0
0.075392509,0.075716284,0.00005,312.31518,0.0
0.075392509,0.076140391,0.00005,312.31522,0.0
0.075392509,0.076564498,0.00005,312.31524,0.0
0.075392509,0.076988604,0.00005,312.31524,0.0
0.075392509,0.077412711,0.00005,312.31525,0.0
0.075392509,0.077836818,0.00005,312.3155,0.0
0.075392509,0.078260924,0.00005,312.34488,1.0
0.075392509,0.078685031,0.00005,312.34485,1.0
0.075818103,0.073595751,0.00005,312.31465,0.0
0.075818103,0.074019858,0.00005,312.31469,0.0
0.075818103,0.074443965,0.00005,312.31474,0.0
0.075818103,0.074868071,0.00005,312.31478,0.0
0.075818103,0.075292178,0.00005,312.31482,0.0
0.075818103,0.075716284,0.00005,312.31486,0.0
0.075818103,0.076140391,0.00005,312.31489,0.0
0.075818103,0.076564498,0.00005,312.3149,0.0
0.075818103,0.076988604,0.00005,312.31491,0.0
0.075818103,0.077412711,0.00005,312.31491,0.0
0.075818103,0.077836818,0.00005,312.31491,0.0
0.075818103,0.078260924,0.00005,312.31516,0.0
0.075818103,0.078685031,0.00005,312.31513,0.0
