0,-1.25e-05,-4.5e-05,7.9463006e-05,0.0001295931,1615691.5
0,-1.75e-05,-4.25e-05,7.4691972e-05,0.00013201976,1778447.9
0,-2.25e-05,-4e-05,7.1862792e-05,0.00013268017,1811750.5
0,-1e-05,-4.5e-05,7.0651008e-05,0.0001443811,2265914.3
0,-1.5e-05,-4.25e-05,6.6603114e-05,0.00014607281,2346389
0,-2e-05,-4e-05,6.3805645e-05,0.00014674202,2357849.9
0,-1.25e-05,-4.25e-05,6.0503231e-05,0.00015461306,3068305.4
0,-1.75e-05,-4e-05,5.6744674e-05,0.00015481235,3105704.8
0,-1.5e-05,-4e-05,5.2230328e-05,0.00016355789,2766027.9
0,-1e-05,-4.25e-05,5.6076951e-05,0.00016333132,2701236.9
0,-1.25e-05,-4e-05,4.8355287e-05,0.00017279913,2570240.2
0,-1e-05,-4e-05,4.5504719e-05,0.00018176544,2575891.7
0,1e-05,-4.5e-05,7.0650762e-05,0.00014438157,2265922.4
0,7.5e-06,-4.5e-05,7.0650762e-05,0.00014438157,2265922.4
0,5e-06,-4.5e-05,7.0650762e-05,0.00014438157,2265922.4
0,2.5e-06,-4.5e-05,7.0650762e-05,0.00014438157,2265922.4
0,0,-4.5e-05,7.0650762e-05,0.00014438157,2265922.4
0,-2.5e-06,-4.5e-05,7.0650762e-05,0.00014438157,2265922.4
0,-5e-06,-4.5e-05,7.0650762e-05,0.00014438157,2265922.4
0,-7.5e-06,-4.5e-05,7.0650762e-05,0.00014438157,2265922.4
0,1e-05,-4.25e-05,5.6076793e-05,0.00016333167,2701242
0,7.5e-06,-4.25e-05,5.6076795e-05,0.00016333167,2701242
0,5e-06,-4.25e-05,5.6076795e-05,0.00016333167,2701242
0,2.5e-06,-4.25e-05,5.6076795e-05,0.00016333167,2701242
0,0,-4.25e-05,5.6076794e-05,0.00016333167,2701242
0,-2.5e-06,-4.25e-05,5.6076795e-05,0.00016333167,2701242
0,-5e-06,-4.25e-05,5.6076795e-05,0.00016333167,2701242
0,-7.5e-06,-4.25e-05,5.6076795e-05,0.00016333167,2701242
0,1e-05,-4e-05,4.5504642e-05,0.00018176577,2575896.3
0,7.5e-06,-4e-05,4.5504643e-05,0.00018176577,2575896.2
0,5e-06,-4e-05,4.5504643e-05,0.00018176577,2575896.3
0,2.5e-06,-4e-05,4.5504642e-05,0.00018176577,2575896.3
0,0,-4e-05,4.5504642e-05,0.00018176577,2575896.3
0,-2.5e-06,-4e-05,4.5504642e-05,0.00018176577,2575896.3
0,-5e-06,-4e-05,4.5504643e-05,0.00018176577,2575896.3
0,-7.5e-06,-4e-05,4.5504643e-05,0.00018176577,2575896.2
0,1.25e-05,-4.5e-05,7.946204e-05,0.00012959463,1615711.5
0,1.75e-05,-4.25e-05,7.4691035e-05,0.00013202115,1778468.7
0,2.25e-05,-4e-05,7.1861838e-05,0.00013268156,1811772.1
0,1.5e-05,-4.25e-05,6.6602654e-05,0.00014607375,2346406.2
0,2e-05,-4e-05,6.3804873e-05,0.00014674297,2357867.6
0,1.25e-05,-4.25e-05,6.0502793e-05,0.00015461373,3068319.3
0,1.75e-05,-4e-05,5.674425e-05,0.00015481303,3105718.7
0,1.5e-05,-4e-05,5.2230042e-05,0.00016355861,2766040.2
0,1.25e-05,-4e-05,4.8355007e-05,0.00017279986,2570251.3
0,-3.5e-05,-3e-05,5.775347e-05,0.00012419107,1746236.7
0,-3.25e-05,-3.25e-05,5.9108374e-05,0.00013021261,1904022.7
0,-3e-05,-3.5e-05,6.3774177e-05,0.00013467731,1966244.4
0,-3.25e-05,-3e-05,4.5752068e-05,0.00014931382,4196702
0,-3e-05,-3.25e-05,4.7712994e-05,0.00015181121,3581616.1
0,-3e-05,-3e-05,3.9501049e-05,0.0001644658,2571894.8
0,-2.75e-05,-3.75e-05,7.4119838e-05,0.00012453243,1478942.5
0,-2.5e-05,-3.75e-05,6.2641297e-05,0.00014147461,2205999.3
0,-2.75e-05,-3.5e-05,5.3509316e-05,0.00014813571,2476129.9
0,-2.25e-05,-3.75e-05,5.4484311e-05,0.00015141709,3628884.3
0,-2.5e-05,-3.5e-05,4.8102315e-05,0.0001558011,3194634.7
0,-2.75e-05,-3.25e-05,4.3721813e-05,0.00016000861,3138019.6
0,-2e-05,-3.75e-05,4.961129e-05,0.00015974612,2988967.2
0,-2.25e-05,-3.5e-05,4.4469299e-05,0.00016463,2658024.8
0,-1.75e-05,-3.75e-05,4.5961086e-05,0.0001689356,2588438.3
0,-2.5e-05,-3.25e-05,4.0297647e-05,0.00016959233,2544794.6
0,-2.75e-05,-3e-05,3.6296115e-05,0.00017440533,2527509
0,-2e-05,-3.5e-05,4.1691998e-05,0.00017415957,2557721.1
0,-1.5e-05,-3.75e-05,4.3527947e-05,0.00017815785,2574647.1
0,-2.25e-05,-3.25e-05,3.7484993e-05,0.00017904934,2571845.8
0,-2.5e-05,-3e-05,3.3409123e-05,0.00018363575,2598773.9
0,-1.75e-05,-3.5e-05,3.9205163e-05,0.00018317474,2600905.1
0,-1.25e-05,-3.75e-05,4.1480703e-05,0.00018618712,4198362.3
0,-2e-05,-3.25e-05,3.5186276e-05,0.00018713356,3462673.2
0,-1.5e-05,-3.5e-05,3.7125941e-05,0.00018963944,3472683.2
0,-2.25e-05,-3e-05,3.0982217e-05,0.00019096865,2959140.1
0,-1e-05,-3.75e-05,3.9481573e-05,0.00019171172,3427755.3
0,-1.75e-05,-3.25e-05,3.2811134e-05,0.00019380473,2851929.7
0,-1.25e-05,-3.5e-05,3.533961e-05,0.00019581337,3964018.4
0,-2e-05,-3e-05,2.9060338e-05,0.0001968278,4900359.3
0,-1.5e-05,-3.25e-05,3.0888524e-05,0.00019888216,3962010.5
0,-1e-05,-3.5e-05,3.3509059e-05,0.00020120676,3448158.5
0,-1.75e-05,-3e-05,2.7417408e-05,0.00020172247,3573933.4
0,-1.25e-05,-3.25e-05,2.9272069e-05,0.00020468446,3111717
0,-1.5e-05,-3e-05,2.5982072e-05,0.00020808155,2967540.2
0,-1e-05,-3.25e-05,2.782547e-05,0.00021128441,2899633.9
0,-1.25e-05,-3e-05,2.4838483e-05,0.00021497732,2785109.3
0,-1e-05,-3e-05,2.3764583e-05,0.00022193101,2672565.5
0,1e-05,-3.75e-05,3.9481499e-05,0.00019171196,3427762.5
0,7.5e-06,-3.75e-05,3.9481498e-05,0.00019171196,3427762.5
0,5e-06,-3.75e-05,3.9481498e-05,0.00019171196,3427762.5
0,2.5e-06,-3.75e-05,3.9481498e-05,0.00019171196,3427762.5
0,0,-3.75e-05,3.9481498e-05,0.00019171196,3427762.5
0,-2.5e-06,-3.75e-05,3.9481498e-05,0.00019171196,3427762.5
0,-5e-06,-3.75e-05,3.9481498e-05,0.00019171196,3427762.5
0,-7.5e-06,-3.75e-05,3.9481498e-05,0.00019171196,3427762.5
0,1e-05,-3.5e-05,3.3508987e-05,0.00020120699,3448159.1
0,7.5e-06,-3.5e-05,3.3508987e-05,0.00020120699,3448159.1
0,5e-06,-3.5e-05,3.3508987e-05,0.00020120699,3448159.1
0,2.5e-06,-3.5e-05,3.3508987e-05,0.00020120699,3448159.1
0,0,-3.5e-05,3.3508987e-05,0.00020120699,3448159.1
0,-2.5e-06,-3.5e-05,3.3508987e-05,0.00020120699,3448159.1
0,-5e-06,-3.5e-05,3.3508987e-05,0.00020120699,3448159.1
0,-7.5e-06,-3.5e-05,3.3508987e-05,0.00020120699,3448159.1
0,1e-05,-3.25e-05,2.782542e-05,0.00021128467,2899638
0,7.5e-06,-3.25e-05,2.7825421e-05,0.00021128467,2899637.9
0,5e-06,-3.25e-05,2.7825421e-05,0.00021128467,2899637.9
0,2.5e-06,-3.25e-05,2.7825421e-05,0.00021128467,2899638
0,0,-3.25e-05,2.7825421e-05,0.00021128467,2899638
0,-2.5e-06,-3.25e-05,2.7825421e-05,0.00021128467,2899638
0,-5e-06,-3.25e-05,2.7825421e-05,0.00021128467,2899637.9
0,-7.5e-06,-3.25e-05,2.7825421e-05,0.00021128467,2899637.9
0,1e-05,-3e-05,2.3764546e-05,0.00022193128,2672569.2
0,7.5e-06,-3e-05,2.3764546e-05,0.00022193128,2672569.2
0,5e-06,-3e-05,2.3764546e-05,0.00022193128,2672569.2
0,2.5e-06,-3e-05,2.3764546e-05,0.00022193128,2672569.2
0,0,-3e-05,2.3764546e-05,0.00022193128,2672569.2
0,-2.5e-06,-3e-05,2.3764546e-05,0.00022193128,2672569.2
0,-5e-06,-3e-05,2.3764546e-05,0.00022193128,2672569.2
0,-7.5e-06,-3e-05,2.3764546e-05,0.00022193128,2672569.2
0,2.75e-05,-3.75e-05,7.4118276e-05,0.00012453429,1478968.1
0,3e-05,-3.5e-05,6.3772713e-05,0.00013467905,1966270
0,2.5e-05,-3.75e-05,6.2640373e-05,0.00014147569,2206019
0,2.75e-05,-3.5e-05,5.3508808e-05,0.00014813662,2476148
0,2.25e-05,-3.75e-05,5.4483784e-05,0.00015141769,3628901.3
0,3e-05,-3.25e-05,4.7712527e-05,0.00015181206,3581640.7
0,2.5e-05,-3.5e-05,4.8101956e-05,0.00015580178,3194648.9
0,2.75e-05,-3.25e-05,4.3721534e-05,0.00016000929,3138033.3
0,2e-05,-3.75e-05,4.9610945e-05,0.00015974681,2988980.5
0,3e-05,-3e-05,3.950073e-05,0.00016446688,2571911.1
0,2.25e-05,-3.5e-05,4.446906e-05,0.00016463076,2658037.5
0,1.75e-05,-3.75e-05,4.5960848e-05,0.00016893635,2588450.1
0,2.5e-05,-3.25e-05,4.0297391e-05,0.00016959311,2544807.1
0,2.75e-05,-3e-05,3.629589e-05,0.0001744061,2527521.3
0,2e-05,-3.5e-05,4.1691792e-05,0.00017416031,2557732.7
0,1.5e-05,-3.75e-05,4.3527772e-05,0.00017815856,2574657.9
0,2.25e-05,-3.25e-05,3.7484792e-05,0.00017905007,2571857.2
0,2.5e-05,-3e-05,3.3408885e-05,0.00018363646,2598785.1
0,1.75e-05,-3.5e-05,3.920498e-05,0.00018317544,2600915.7
0,1.25e-05,-3.75e-05,4.148054e-05,0.00018618754,4198389.8
0,2e-05,-3.25e-05,3.5186106e-05,0.00018713407,3462698.8
0,1.5e-05,-3.5e-05,3.7125788e-05,0.00018963992,3472702.4
0,2.25e-05,-3e-05,3.0982045e-05,0.00019096922,2959156.1
0,1.75e-05,-3.25e-05,3.2810964e-05,0.0001938053,2851940.6
0,1.25e-05,-3.5e-05,3.5339476e-05,0.00019581378,3964021.1
0,2e-05,-3e-05,2.9060198e-05,0.00019682814,4900352.8
0,1.5e-05,-3.25e-05,3.0888383e-05,0.00019888257,3962008.3
0,1.75e-05,-3e-05,2.7417286e-05,0.00020172293,3573937.6
0,1.25e-05,-3.25e-05,2.9271944e-05,0.00020468497,3111723.6
0,1.5e-05,-3e-05,2.5981968e-05,0.00020808209,2967548.5
0,1.25e-05,-3e-05,2.4838394e-05,0.00021497788,2785118.1
0,3.5e-05,-3e-05,5.7752027e-05,0.00012419394,1746275
0,3.25e-05,-3.25e-05,5.9106915e-05,0.0001302151,1904056.7
0,3.25e-05,-3e-05,4.5751486e-05,0.00014931482,4196747.2
0,-4.25e-05,-2e-05,6.7356514e-05,9.1792982e-05,913660.29
0,-3.75e-05,-2.75e-05,6.448502e-05,0.00010279619,942590.32
0,-4e-05,-2.25e-05,5.3671584e-05,0.00011538571,1693765.7
0,-3.75e-05,-2.5e-05,4.8598459e-05,0.00012967576,2157825.9
0,-4e-05,-2e-05,4.2596878e-05,0.00013299324,2393080.2
0,-3.5e-05,-2.75e-05,4.6571426e-05,0.00014055739,2414084.4
0,-3.75e-05,-2.25e-05,3.9315226e-05,0.00014338005,2605832
0,-3.5e-05,-2.5e-05,3.846359e-05,0.00015116681,3472328.2
0,-3.75e-05,-2e-05,3.1595543e-05,0.00015279826,3482509
0,-3.25e-05,-2.75e-05,3.8799432e-05,0.00015755908,3301969
0,-3.5e-05,-2.25e-05,3.1340887e-05,0.00015942849,3430169.5
0,-3.25e-05,-2.5e-05,3.197492e-05,0.00016654415,2781384.4
0,-3.5e-05,-2e-05,2.6821841e-05,0.00016775156,3009542.1
0,-3e-05,-2.75e-05,3.3185877e-05,0.00017426608,2618238.5
0,-3.25e-05,-2.25e-05,2.7187782e-05,0.00017529474,2841241.3
0,-3.25e-05,-2e-05,2.3238817e-05,0.00018305229,2932885.5
0,-3e-05,-2.5e-05,2.8168675e-05,0.00018283602,2742858.2
0,-3e-05,-2.25e-05,2.4234049e-05,0.00019083409,2612666.8
0,-3e-05,-2e-05,1.999111e-05,0.00019725972,3926331.4
0,-2.75e-05,-2.75e-05,3.0448213e-05,0.00018326892,2670008.5
0,-2.75e-05,-2.5e-05,2.6278978e-05,0.00019108418,2701100.4
0,-2.5e-05,-2.75e-05,2.8411769e-05,0.00019114444,2813351.2
0,-2.5e-05,-2.5e-05,2.4617188e-05,0.00019724551,4569900.7
0,-2.25e-05,-2.75e-05,2.6693704e-05,0.00019708962,4778923.7
0,-2.75e-05,-2.25e-05,2.2445558e-05,0.00019729209,4100503.2
0,-2.25e-05,-2.5e-05,2.3048565e-05,0.00020275576,3224622.9
0,-2e-05,-2.75e-05,2.5224297e-05,0.00020226009,3347153.2
0,-2.5e-05,-2.25e-05,2.0694663e-05,0.00020319581,3011776.6
0,-2.75e-05,-2e-05,1.8405738e-05,0.00020360555,2825563.4
0,-1.75e-05,-2.75e-05,2.3898756e-05,0.00020894314,2870642.6
0,-2e-05,-2.5e-05,2.1577695e-05,0.00020977848,2751665.6
0,-2.25e-05,-2.25e-05,1.9201563e-05,0.00021055962,2668032.6
0,-2.5e-05,-2e-05,1.7196965e-05,0.00021130107,2590803.5
0,-1.5e-05,-2.75e-05,2.2648758e-05,0.00021610866,2659102.9
0,-1.75e-05,-2.5e-05,2.0177219e-05,0.00021723972,2555319
0,-2e-05,-2.25e-05,1.7969245e-05,0.00021830214,2477154.4
0,-2.25e-05,-2e-05,1.6151315e-05,0.00021927974,2431943.5
0,-1.25e-05,-2.75e-05,2.1392122e-05,0.00022312247,3261402.7
0,-1.5e-05,-2.5e-05,1.896461e-05,0.0002237628,4848887.4
0,-1.75e-05,-2.25e-05,1.6924554e-05,0.00022434008,4582068.9
0,-2e-05,-2e-05,1.5114225e-05,0.00022484159,4345212.9
0,-1e-05,-2.75e-05,2.0177333e-05,0.00022720446,4022369.1
0,-1.25e-05,-2.5e-05,1.7910701e-05,0.00022813301,3752846.9
0,-1.5e-05,-2.25e-05,1.5981048e-05,0.00022905723,3422298
0,-1.75e-05,-2e-05,1.4193564e-05,0.00022989766,3213721
0,-1e-05,-2.5e-05,1.6973088e-05,0.00023314444,3211306.8
0,-1.25e-05,-2.25e-05,1.5032437e-05,0.00023449027,3000945.2
0,-1.5e-05,-2e-05,1.3338861e-05,0.00023572616,2836007.3
0,-1e-05,-2.25e-05,1.4168324e-05,0.00024017552,3016403.7
0,-1.25e-05,-2e-05,1.2489022e-05,0.00024142175,3236282.9
0,-1e-05,-2e-05,1.1554446e-05,0.00024661348,3239779
0,1e-05,-2.75e-05,2.0177286e-05,0.00022720464,4022376.7
0,7.5e-06,-2.75e-05,2.0177286e-05,0.00022720464,4022376.7
0,5e-06,-2.75e-05,2.0177286e-05,0.00022720464,4022376.7
0,2.5e-06,-2.75e-05,2.0177286e-05,0.00022720464,4022376.7
0,0,-2.75e-05,2.0177286e-05,0.00022720464,4022376.7
0,-2.5e-06,-2.75e-05,2.0177286e-05,0.00022720464,4022376.7
0,-5e-06,-2.75e-05,2.0177286e-05,0.00022720464,4022376.7
0,-7.5e-06,-2.75e-05,2.0177286e-05,0.00022720464,4022376.7
0,1e-05,-2.5e-05,1.6973053e-05,0.00023314465,3211311.6
0,7.5e-06,-2.5e-05,1.6973053e-05,0.00023314465,3211311.6
0,5e-06,-2.5e-05,1.6973053e-05,0.00023314465,3211311.6
0,2.5e-06,-2.5e-05,1.6973053e-05,0.00023314465,3211311.6
0,0,-2.5e-05,1.6973053e-05,0.00023314465,3211311.6
0,-2.5e-06,-2.5e-05,1.6973053e-05,0.00023314465,3211311.6
0,-5e-06,-2.5e-05,1.6973053e-05,0.00023314465,3211311.6
0,-7.5e-06,-2.5e-05,1.6973053e-05,0.00023314465,3211311.6
0,1e-05,-2.25e-05,1.4168291e-05,0.00024017574,3016401.4
0,7.5e-06,-2.25e-05,1.4168291e-05,0.00024017574,3016401.4
0,5e-06,-2.25e-05,1.4168291e-05,0.00024017574,3016401.4
0,2.5e-06,-2.25e-05,1.4168291e-05,0.00024017574,3016401.4
0,0,-2.25e-05,1.4168291e-05,0.00024017574,3016401.4
0,-2.5e-06,-2.25e-05,1.4168291e-05,0.00024017574,3016401.4
0,-5e-06,-2.25e-05,1.4168291e-05,0.00024017574,3016401.4
0,-7.5e-06,-2.25e-05,1.4168291e-05,0.00024017574,3016401.4
0,1e-05,-2e-05,1.1554412e-05,0.00024661368,3239780.5
0,7.5e-06,-2e-05,1.1554412e-05,0.00024661368,3239780.5
0,5e-06,-2e-05,1.1554412e-05,0.00024661368,3239780.5
0,2.5e-06,-2e-05,1.1554412e-05,0.00024661368,3239780.5
0,0,-2e-05,1.1554412e-05,0.00024661368,3239780.5
0,-2.5e-06,-2e-05,1.1554412e-05,0.00024661368,3239780.5
0,-5e-06,-2e-05,1.1554412e-05,0.00024661368,3239780.5
0,-7.5e-06,-2e-05,1.1554412e-05,0.00024661368,3239780.5
0,3e-05,-2.75e-05,3.318553e-05,0.00017426711,2618253.5
0,3e-05,-2.5e-05,2.8168479e-05,0.00018283696,2742872.1
0,2.75e-05,-2.75e-05,3.0448019e-05,0.00018326961,2670019.8
0,3e-05,-2.25e-05,2.4233866e-05,0.00019083503,2612680.6
0,2.75e-05,-2.5e-05,2.6278839e-05,0.00019108482,2701114.3
0,2.5e-05,-2.75e-05,2.8411625e-05,0.00019114505,2813366.3
0,3e-05,-2e-05,1.9990935e-05,0.00019726033,3926345.8
0,2.5e-05,-2.5e-05,2.4617055e-05,0.00019724588,4569900.5
0,2.25e-05,-2.75e-05,2.6693574e-05,0.00019708997,4778920
0,2.75e-05,-2.25e-05,2.2445421e-05,0.0001972925,4100506
0,2.25e-05,-2.5e-05,2.3048447e-05,0.00020275628,3224629.9
0,2e-05,-2.75e-05,2.5224187e-05,0.00020226058,3347159.4
0,2.5e-05,-2.25e-05,2.0694533e-05,0.00020319636,3011784.6
0,2.75e-05,-2e-05,1.8405632e-05,0.00020360615,2825572
0,1.75e-05,-2.75e-05,2.3898654e-05,0.0002089437,2870651.1
0,2e-05,-2.5e-05,2.1577575e-05,0.00020977907,2751674.4
0,2.25e-05,-2.25e-05,1.9201455e-05,0.00021056023,2668041.5
0,2.5e-05,-2e-05,1.7196875e-05,0.0002113017,2590812.3
0,1.5e-05,-2.75e-05,2.264866e-05,0.00021610924,2659111.1
0,1.75e-05,-2.5e-05,2.0177115e-05,0.00021724032,2555326.4
0,2e-05,-2.25e-05,1.7969156e-05,0.00021830277,2477161.1
0,2.25e-05,-2e-05,1.6151234e-05,0.00021928038,2431949.6
0,1.25e-05,-2.75e-05,2.1392021e-05,0.00022312293,3261412.1
0,1.5e-05,-2.5e-05,1.8964519e-05,0.00022376311,4848913.9
0,1.75e-05,-2.25e-05,1.6924475e-05,0.0002243404,4582091.1
0,2e-05,-2e-05,1.5114146e-05,0.00022484194,4345231.5
0,1.25e-05,-2.5e-05,1.7910622e-05,0.00022813338,3752861.4
0,1.5e-05,-2.25e-05,1.5980974e-05,0.00022905764,3422310.6
0,1.75e-05,-2e-05,1.4193493e-05,0.00022989811,3213732.7
0,1.25e-05,-2.25e-05,1.5032368e-05,0.00023449073,3000954.7
0,1.5e-05,-2e-05,1.3338796e-05,0.00023572664,2836016.4
0,1.25e-05,-2e-05,1.2488952e-05,0.00024142216,3236281.5
0,4.25e-05,-2e-05,6.7350568e-05,9.1800714e-05,913733.18
0,3.75e-05,-2.75e-05,6.4481828e-05,0.00010280262,942646.17
0,4e-05,-2.25e-05,5.3669546e-05,0.000115389,1693814.3
0,3.75e-05,-2.5e-05,4.8597389e-05,0.00012967803,2157863.7
0,4e-05,-2e-05,4.259576e-05,0.00013299527,2393118.6
0,3.5e-05,-2.75e-05,4.6570701e-05,0.00014055925,2414116.2
0,3.75e-05,-2.25e-05,3.931429e-05,0.00014338176,2605864.8
0,3.5e-05,-2.5e-05,3.8462926e-05,0.00015116801,3472363.5
0,3.75e-05,-2e-05,3.1595076e-05,0.00015279946,3482541.3
0,3.25e-05,-2.75e-05,3.8798906e-05,0.00015756027,3301999.3
0,3.5e-05,-2.25e-05,3.1340472e-05,0.00015942964,3430199
0,3.25e-05,-2.5e-05,3.1974546e-05,0.00016654549,2781405.5
0,3.5e-05,-2e-05,2.6821528e-05,0.00016775282,3009563.6
0,3.25e-05,-2.25e-05,2.718751e-05,0.000175296,2841260.7
0,3.25e-05,-2e-05,2.3238548e-05,0.00018305348,2932904
0,-4.5e-05,-1.25e-05,6.3817988e-05,9.6021433e-05,1226998.8
0,-4.25e-05,-1.75e-05,5.2648704e-05,0.00011274989,1708080.9
0,-4.5e-05,-1e-05,4.9708626e-05,0.00011518101,1812948.2
0,-4.25e-05,-1.5e-05,4.4526825e-05,0.00012539662,2159605.9
0,-4.25e-05,-1.25e-05,3.7975166e-05,0.00013517642,2414391.8
0,-4e-05,-1.75e-05,3.5979399e-05,0.00014163952,2598171.8
0,-4.25e-05,-1e-05,3.3211633e-05,0.0001434809,3838310.5
0,-4e-05,-1.5e-05,3.1863488e-05,0.0001478636,3581872.5
0,-4e-05,-1.25e-05,2.8794946e-05,0.00015277135,3715524.2
0,-4e-05,-1e-05,2.6005837e-05,0.00015734717,3708148.5
0,-3.75e-05,-1.75e-05,2.8765106e-05,0.00015764918,3555113.3
0,-3.75e-05,-1.5e-05,2.614851e-05,0.0001622964,3406681.4
0,-3.75e-05,-1.25e-05,2.3514655e-05,0.00016682469,3413053.6
0,-3.75e-05,-1e-05,2.1053671e-05,0.00017104099,3446739.2
0,-3.5e-05,-1.75e-05,2.4506113e-05,0.00017243988,3082075.7
0,-3.5e-05,-1.5e-05,2.1885059e-05,0.00017674297,3162438.3
0,-3.5e-05,-1.25e-05,1.9693247e-05,0.0001807154,3218722
0,-3.5e-05,-1e-05,1.7934398e-05,0.00018442358,3275477.8
0,-3.25e-05,-1.75e-05,2.0799147e-05,0.00018708749,2722859
0,-3.25e-05,-1.5e-05,1.870853e-05,0.0001911288,2753599.6
0,-3.25e-05,-1.25e-05,1.7030937e-05,0.00019500901,2993824.4
0,-3.25e-05,-1e-05,1.5653324e-05,0.00019905101,2613461.6
0,-3e-05,-1.75e-05,1.7991242e-05,0.00020058393,3260256.1
0,-3e-05,-1.5e-05,1.6441862e-05,0.00020483473,2655752.1
0,-3e-05,-1.25e-05,1.5072349e-05,0.00020952987,2531482.1
0,-3e-05,-1e-05,1.399774e-05,0.00021434572,2457406.9
0,-2.75e-05,-1.75e-05,1.6853648e-05,0.00020808473,2615860.3
0,-2.75e-05,-1.5e-05,1.5471963e-05,0.0002127845,2506825
0,-2.5e-05,-1.75e-05,1.5847611e-05,0.0002160365,2445100.1
0,-2.75e-05,-1.25e-05,1.4312102e-05,0.00021761547,2413969.3
0,-2.5e-05,-1.5e-05,1.4634028e-05,0.00022088998,2390549
0,-2.75e-05,-1e-05,1.3458315e-05,0.00022225425,3727848.7
0,-2.25e-05,-1.75e-05,1.490212e-05,0.00022321698,4406482.8
0,-2.5e-05,-1.25e-05,1.3697294e-05,0.00022426382,3663774.7
0,-2.25e-05,-1.5e-05,1.391217e-05,0.00022634594,3153366.2
0,-2.5e-05,-1e-05,1.2965475e-05,0.00022824937,2608989.2
0,-2e-05,-1.75e-05,1.4078418e-05,0.00022827832,3125386.6
0,-2.25e-05,-1.25e-05,1.3135788e-05,0.00023069599,2625707.8
0,-2e-05,-1.5e-05,1.3267298e-05,0.00023278552,2676802.7
0,-1.75e-05,-1.75e-05,1.3333371e-05,0.00023443804,2734508.5
0,-2.25e-05,-1e-05,1.2512099e-05,0.00023594644,2237948
0,-2e-05,-1.25e-05,1.2615142e-05,0.00023810517,2977002.7
0,-1.75e-05,-1.5e-05,1.2659349e-05,0.00023934555,3778588.7
0,-1.5e-05,-1.75e-05,1.2618302e-05,0.00024037265,3483190.4
0,-2e-05,-1e-05,1.2080002e-05,0.00024153475,3844868.6
0,-1.75e-05,-1.25e-05,1.211852e-05,0.00024289343,3560194.8
0,-1.5e-05,-1.5e-05,1.2067913e-05,0.00024419716,3399702.7
0,-1.25e-05,-1.75e-05,1.1891329e-05,0.000245427,3288962.4
0,-1.75e-05,-1e-05,1.165499e-05,0.00024655493,3331909
0,-1.5e-05,-1.25e-05,1.1622057e-05,0.00024805665,3207908.7
0,-1.25e-05,-1.5e-05,1.146497e-05,0.00024940035,3601792.7
0,-1e-05,-1.75e-05,1.117455e-05,0.00025030331,5193619.4
0,-1.5e-05,-1e-05,1.1247856e-05,0.00025134656,4122390.7
0,-1.25e-05,-1.25e-05,1.1139629e-05,0.00025232293,4165773.2
0,-1e-05,-1.5e-05,1.085742e-05,0.00025312562,4068176.4
0,-1.25e-05,-1e-05,1.0817284e-05,0.00025572291,3507513.8
0,-1e-05,-1.25e-05,1.0581603e-05,0.00025656485,3516651.6
0,-1e-05,-1e-05,1.0275298e-05,0.00026047161,3195166.7
0,1e-05,-1.75e-05,1.117452e-05,0.00025030344,5193631.9
0,7.5e-06,-1.75e-05,1.117452e-05,0.00025030344,5193631.9
0,5e-06,-1.75e-05,1.117452e-05,0.00025030344,5193631.9
0,2.5e-06,-1.75e-05,1.117452e-05,0.00025030344,5193631.9
0,0,-1.75e-05,1.117452e-05,0.00025030344,5193631.9
0,-2.5e-06,-1.75e-05,1.117452e-05,0.00025030344,5193631.9
0,-5e-06,-1.75e-05,1.117452e-05,0.00025030344,5193631.9
0,-7.5e-06,-1.75e-05,1.117452e-05,0.00025030344,5193631.9
0,1e-05,-1.5e-05,1.0857394e-05,0.00025312577,4068183.6
0,7.5e-06,-1.5e-05,1.0857394e-05,0.00025312577,4068183.6
0,5e-06,-1.5e-05,1.0857394e-05,0.00025312577,4068183.6
0,2.5e-06,-1.5e-05,1.0857394e-05,0.00025312577,4068183.6
0,0,-1.5e-05,1.0857394e-05,0.00025312577,4068183.6
0,-2.5e-06,-1.5e-05,1.0857394e-05,0.00025312577,4068183.6
0,-5e-06,-1.5e-05,1.0857394e-05,0.00025312577,4068183.6
0,-7.5e-06,-1.5e-05,1.0857394e-05,0.00025312577,4068183.6
0,1e-05,-1.25e-05,1.0581578e-05,0.00025656503,3516656.8
0,7.5e-06,-1.25e-05,1.0581578e-05,0.00025656503,3516656.8
0,5e-06,-1.25e-05,1.0581578e-05,0.00025656503,3516656.8
0,2.5e-06,-1.25e-05,1.0581578e-05,0.00025656503,3516656.8
0,0,-1.25e-05,1.0581578e-05,0.00025656503,3516656.8
0,-2.5e-06,-1.25e-05,1.0581578e-05,0.00025656503,3516656.8
0,-5e-06,-1.25e-05,1.0581578e-05,0.00025656503,3516656.8
0,-7.5e-06,-1.25e-05,1.0581578e-05,0.00025656503,3516656.8
0,1e-05,-1e-05,1.0275264e-05,0.0002604718,3195170.8
0,7.5e-06,-1e-05,1.0275264e-05,0.0002604718,3195170.8
0,5e-06,-1e-05,1.0275264e-05,0.0002604718,3195170.8
0,2.5e-06,-1e-05,1.0275264e-05,0.0002604718,3195170.8
0,0,-1e-05,1.0275264e-05,0.0002604718,3195170.8
0,-2.5e-06,-1e-05,1.0275264e-05,0.0002604718,3195170.8
0,-5e-06,-1e-05,1.0275264e-05,0.0002604718,3195170.8
0,-7.5e-06,-1e-05,1.0275264e-05,0.0002604718,3195170.8
0,3e-05,-1.75e-05,1.7991105e-05,0.00020058466,3260266.3
0,3e-05,-1.5e-05,1.6441744e-05,0.00020483561,2655762.4
0,2.75e-05,-1.75e-05,1.6853563e-05,0.00020808536,2615868.9
0,3e-05,-1.25e-05,1.507225e-05,0.00020953078,2531491.9
0,2.75e-05,-1.5e-05,1.5471891e-05,0.00021278514,2506833.3
0,3e-05,-1e-05,1.3997664e-05,0.00021434664,2457414.7
0,2.5e-05,-1.75e-05,1.5847529e-05,0.00021603715,2445106
0,2.75e-05,-1.25e-05,1.4312046e-05,0.00021761612,2413974.4
0,2.5e-05,-1.5e-05,1.4633966e-05,0.00022089063,2390554.4
0,2.75e-05,-1e-05,1.3458274e-05,0.00022225467,3727853.3
0,2.25e-05,-1.75e-05,1.4902051e-05,0.00022321733,4406503.2
0,2.5e-05,-1.25e-05,1.3697248e-05,0.00022426424,3663781.3
0,2.25e-05,-1.5e-05,1.3912115e-05,0.00022634642,3153376.6
0,2.5e-05,-1e-05,1.2965437e-05,0.00022824995,2608994.8
0,2e-05,-1.75e-05,1.4078356e-05,0.00022827878,3125397.9
0,2.25e-05,-1.25e-05,1.3135744e-05,0.00023069656,2625714.8
0,2e-05,-1.5e-05,1.3267249e-05,0.00023278606,2676810.8
0,1.75e-05,-1.75e-05,1.3333314e-05,0.00023443855,2734517.2
0,2.25e-05,-1e-05,1.2512064e-05,0.0002359471,2237956
0,2e-05,-1.25e-05,1.2615102e-05,0.00023810565,2977010.9
0,1.75e-05,-1.5e-05,1.2659302e-05,0.00023934592,3778588.8
0,1.5e-05,-1.75e-05,1.2618245e-05,0.00024037304,3483188.2
0,2e-05,-1e-05,1.2079968e-05,0.00024153513,3844875.3
0,1.75e-05,-1.25e-05,1.2118481e-05,0.00024289382,3560200
0,1.5e-05,-1.5e-05,1.2067865e-05,0.00024419757,3399706.9
0,1.25e-05,-1.75e-05,1.1891268e-05,0.00024542742,3288966.4
0,1.75e-05,-1e-05,1.1654956e-05,0.00024655535,3331914.8
0,1.5e-05,-1.25e-05,1.1622018e-05,0.00024805708,3207914.1
0,1.25e-05,-1.5e-05,1.1464924e-05,0.00024940073,3601802.9
0,1.5e-05,-1e-05,1.1247824e-05,0.00025134688,4122410.1
0,1.25e-05,-1.25e-05,1.1139587e-05,0.00025232324,4165790.7
0,1.25e-05,-1e-05,1.0817245e-05,0.00025572327,3507525.2
0,4.5e-05,-1.25e-05,6.3813249e-05,9.6027092e-05,1227070.7
0,4.25e-05,-1.75e-05,5.2646453e-05,0.00011275329,1708133.9
0,4.5e-05,-1e-05,4.9706388e-05,0.00011518421,1813001.6
0,4.25e-05,-1.5e-05,4.4525469e-05,0.00012539904,2159649.7
0,4.25e-05,-1.25e-05,3.7973993e-05,0.00013517844,2414431
0,4e-05,-1.75e-05,3.5978476e-05,0.00014164127,2598206.6
0,4.25e-05,-1e-05,3.3210849e-05,0.00014348209,3838346.2
0,4e-05,-1.5e-05,3.1862905e-05,0.00014786482,3581904.9
0,4e-05,-1.25e-05,2.8794451e-05,0.00015277249,3715556
0,4e-05,-1e-05,2.6005388e-05,0.00015734828,3708178.8
0,3.75e-05,-1.75e-05,2.8764701e-05,0.00015765031,3555143.6
0,3.75e-05,-1.5e-05,2.6148145e-05,0.00016229756,3406707.5
0,3.75e-05,-1.25e-05,2.351426e-05,0.00016682581,3413078.7
0,3.75e-05,-1e-05,2.1053371e-05,0.00017104207,3446763.6
0,3.5e-05,-1.75e-05,2.4505766e-05,0.00017244108,3082096.8
0,3.5e-05,-1.5e-05,2.1884747e-05,0.0001767441,3162459.4
0,3.5e-05,-1.25e-05,1.9693011e-05,0.00018071649,3218742.8
0,3.5e-05,-1e-05,1.7934186e-05,0.00018442463,3275498.4
0,3.25e-05,-1.75e-05,2.079888e-05,0.00018708874,2722874.2
0,3.25e-05,-1.5e-05,1.8708301e-05,0.00019113002,2753614.5
0,3.25e-05,-1.25e-05,1.7030759e-05,0.00019501011,2993841.9
0,3.25e-05,-1e-05,1.5653168e-05,0.00019905224,2613473.7
0,-4.5e-05,-7.5e-06,4.6632315e-05,0.00011988807,1950828.3
0,-4.5e-05,-5e-06,4.4067501e-05,0.000124159,2059732.9
0,-4.5e-05,-2.5e-06,4.1994263e-05,0.00012813848,2142573.1
0,-4.5e-05,0,4.0301749e-05,0.00013192231,2214908.9
0,-4.25e-05,-7.5e-06,3.206792e-05,0.00014520154,4437215
0,-4.25e-05,-5e-06,3.0983581e-05,0.00014674963,4389803.1
0,-4.25e-05,-2.5e-06,2.9941334e-05,0.00014823892,4378338.9
0,-4.25e-05,0,2.8908069e-05,0.00014970384,4246056.4
0,-4e-05,-7.5e-06,2.5132792e-05,0.00015883931,3707603.1
0,-4e-05,-5e-06,2.4204043e-05,0.00016030829,3692636.8
0,-4e-05,-2.5e-06,2.3341322e-05,0.00016175687,3700598.7
0,-4e-05,0,2.2614458e-05,0.0001631869,3682575
0,-3.75e-05,-7.5e-06,2.0524571e-05,0.00017242498,3439808.9
0,-3.75e-05,-5e-06,2.0082e-05,0.00017378372,3456120.4
0,-3.75e-05,-2.5e-06,1.9698584e-05,0.00017511496,3471870.6
0,-3.75e-05,0,1.9364367e-05,0.00017641829,3464869.4
0,-3.5e-05,-7.5e-06,1.7583497e-05,0.00018565743,3253714.1
0,-3.5e-05,-5e-06,1.7226325e-05,0.00018690054,3161350.7
0,-3.5e-05,-2.5e-06,1.6870243e-05,0.00018810316,3198966.2
0,-3.5e-05,0,1.6521777e-05,0.00018926032,3229066.7
0,-3.25e-05,-7.5e-06,1.5342689e-05,0.00020027901,2601488.8
0,-3.25e-05,-5e-06,1.5022375e-05,0.00020151385,2572858.3
0,-3.25e-05,-2.5e-06,1.4698254e-05,0.000202778,2526484.3
0,-3.25e-05,0,1.4379892e-05,0.00020408489,2492263.9
0,-3e-05,-7.5e-06,1.3751431e-05,0.00021571191,2431547.4
0,-3e-05,-5e-06,1.351239e-05,0.00021709492,2398156.3
0,-3e-05,-2.5e-06,1.3281952e-05,0.00021849288,2377447.3
0,-3e-05,0,1.305648e-05,0.00021990446,2359118.5
0,-2.75e-05,-7.5e-06,1.3248108e-05,0.00022322153,3378888.5
0,-2.75e-05,-5e-06,1.30352e-05,0.00022450292,2860063.7
0,-2.75e-05,-2.5e-06,1.2827806e-05,0.00022611759,2534784.6
0,-2.75e-05,0,1.2632518e-05,0.00022796218,2393958.4
0,-2.5e-05,-7.5e-06,1.2780748e-05,0.0002300698,2480581.4
0,-2.5e-05,-5e-06,1.2595254e-05,0.00023200366,2385917.5
0,-2.5e-05,-2.5e-06,1.241282e-05,0.00023400349,2331460.7
0,-2.5e-05,0,1.2239789e-05,0.00023620891,1973297.5
0,-2.25e-05,-7.5e-06,1.2349331e-05,0.00023810526,3218207.3
0,-2.25e-05,-5e-06,1.2184128e-05,0.00023923926,4731977.8
0,-2.25e-05,-2.5e-06,1.2024755e-05,0.00024014147,4793100
0,-2.25e-05,0,1.1875301e-05,0.00024100446,4780380.4
0,-2e-05,-7.5e-06,1.1933758e-05,0.00024255065,3808486.9
0,-2e-05,-5e-06,1.1792208e-05,0.00024354,3701923.5
0,-2e-05,-2.5e-06,1.1659664e-05,0.00024452747,3672158.1
0,-2e-05,0,1.1536028e-05,0.00024552218,3515536.7
0,-1.75e-05,-7.5e-06,1.1532216e-05,0.00024763979,3246383.9
0,-1.75e-05,-5e-06,1.1420784e-05,0.00024874506,3153790.8
0,-1.75e-05,-2.5e-06,1.1317551e-05,0.00024985687,3189455.8
0,-1.75e-05,0,1.1219253e-05,0.00025101806,3040703
0,-1.5e-05,-7.5e-06,1.1148313e-05,0.00025242695,3726065.5
0,-1.5e-05,-5e-06,1.1059464e-05,0.00025373432,3352238.8
0,-1.5e-05,-2.5e-06,1.0980299e-05,0.00025521809,3090134
0,-1.5e-05,0,1.0904509e-05,0.00025679573,2971373.8
0,-1.25e-05,-7.5e-06,1.0738579e-05,0.00025723041,3249349.9
0,-1.25e-05,-5e-06,1.0674537e-05,0.00025891164,3108017.9
0,-1.25e-05,-2.5e-06,1.0615638e-05,0.0002606924,2995818.5
0,-1e-05,-7.5e-06,1.022773e-05,0.00026227526,3101668.1
0,-1.25e-05,0,1.0553859e-05,0.00026248352,2915378.4
0,-1e-05,-5e-06,1.0188755e-05,0.00026415216,3007567.7
0,-1e-05,-2.5e-06,1.0156227e-05,0.00026554806,5563661.6
0,-1e-05,0,1.0128668e-05,0.00026628642,7085407
0,1e-05,-7.5e-06,1.0227703e-05,0.00026227547,3101672
0,7.5e-06,-7.5e-06,1.0227703e-05,0.00026227547,3101672
0,5e-06,-7.5e-06,1.0227703e-05,0.00026227547,3101672
0,2.5e-06,-7.5e-06,1.0227703e-05,0.00026227547,3101672
0,0,-7.5e-06,1.0227703e-05,0.00026227547,3101672
0,-2.5e-06,-7.5e-06,1.0227703e-05,0.00026227547,3101672
0,-5e-06,-7.5e-06,1.0227703e-05,0.00026227547,3101672
0,-7.5e-06,-7.5e-06,1.0227703e-05,0.00026227547,3101672
0,1e-05,-5e-06,1.0188731e-05,0.00026415237,3007571.5
0,7.5e-06,-5e-06,1.0188731e-05,0.00026415237,3007571.5
0,5e-06,-5e-06,1.0188731e-05,0.00026415237,3007571.5
0,2.5e-06,-5e-06,1.0188731e-05,0.00026415237,3007571.5
0,0,-5e-06,1.0188731e-05,0.00026415237,3007571.5
0,-2.5e-06,-5e-06,1.0188731e-05,0.00026415237,3007571.5
0,-5e-06,-5e-06,1.0188731e-05,0.00026415237,3007571.5
0,-7.5e-06,-5e-06,1.0188731e-05,0.00026415237,3007571.5
0,1e-05,-2.5e-06,1.0156205e-05,0.00026554817,5563677
0,7.5e-06,-2.5e-06,1.0156205e-05,0.00026554817,5563677
0,5e-06,-2.5e-06,1.0156205e-05,0.00026554817,5563677
0,2.5e-06,-2.5e-06,1.0156205e-05,0.00026554817,5563677
0,0,-2.5e-06,1.0156205e-05,0.00026554817,5563677
0,-2.5e-06,-2.5e-06,1.0156205e-05,0.00026554817,5563677
0,-5e-06,-2.5e-06,1.0156205e-05,0.00026554817,5563677
0,-7.5e-06,-2.5e-06,1.0156205e-05,0.00026554817,5563677
0,1e-05,0,1.0128648e-05,0.00026628651,7085429.2
0,7.5e-06,0,1.0128648e-05,0.00026628651,7085429.2
0,5e-06,0,1.0128648e-05,0.00026628651,7085429.2
0,2.5e-06,0,1.0128648e-05,0.00026628651,7085429.2
0,0,0,1.0128648e-05,0.00026628651,7085429.2
0,-2.5e-06,0,1.0128648e-05,0.00026628651,7085429.2
0,-5e-06,0,1.0128648e-05,0.00026628651,7085429.2
0,-7.5e-06,0,1.0128648e-05,0.00026628651,7085429.2
0,3e-05,-7.5e-06,1.3751359e-05,0.00021571284,2431555.1
0,3e-05,-5e-06,1.351232e-05,0.00021709585,2398163.8
0,3e-05,-2.5e-06,1.3281884e-05,0.00021849382,2377454.7
0,3e-05,0,1.3056415e-05,0.00021990541,2359125.8
0,2.75e-05,-7.5e-06,1.3248069e-05,0.00022322199,3378891.7
0,2.75e-05,-5e-06,1.3035163e-05,0.00022450346,2860065.8
0,2.75e-05,-2.5e-06,1.2827771e-05,0.0002261182,2534787
0,2.75e-05,0,1.2632486e-05,0.00022796282,2393960.3
0,2.5e-05,-7.5e-06,1.2780712e-05,0.00023007042,2480586.4
0,2.5e-05,-5e-06,1.259522e-05,0.00023200429,2385921.8
0,2.5e-05,-2.5e-06,1.2412788e-05,0.00023400414,2331464.3
0,2.5e-05,0,1.2239759e-05,0.00023620967,1973304.8
0,2.25e-05,-7.5e-06,1.2349298e-05,0.00023810572,3218215.2
0,2.25e-05,-5e-06,1.2184096e-05,0.00023923957,4731984.9
0,2.25e-05,-2.5e-06,1.2024724e-05,0.00024014178,4793106.5
0,2.25e-05,0,1.1875273e-05,0.00024100476,4780386.5
0,2e-05,-7.5e-06,1.1933725e-05,0.00024255102,3808493.2
0,2e-05,-5e-06,1.1792177e-05,0.00024354039,3701929.4
0,2e-05,-2.5e-06,1.1659635e-05,0.00024452787,3672163.9
0,2e-05,0,1.1536002e-05,0.00024552259,3515542.5
0,1.75e-05,-7.5e-06,1.1532185e-05,0.00024764023,3246389.7
0,1.75e-05,-5e-06,1.1420755e-05,0.00024874551,3153796.7
0,1.75e-05,-2.5e-06,1.1317525e-05,0.00024985731,3189462.9
0,1.75e-05,0,1.1219228e-05,0.00025101852,3040709.4
0,1.5e-05,-7.5e-06,1.114828e-05,0.00025242732,3726080.3
0,1.5e-05,-5e-06,1.1059434e-05,0.00025373472,3352249.6
0,1.5e-05,-2.5e-06,1.0980272e-05,0.00025521852,3090142.6
0,1.5e-05,0,1.0904484e-05,0.00025679618,2971381.7
0,1.25e-05,-7.5e-06,1.0738543e-05,0.00025723081,3249359.4
0,1.25e-05,-5e-06,1.0674504e-05,0.00025891206,3108026.6
0,1.25e-05,-2.5e-06,1.0615607e-05,0.00026069284,2995826.8
0,1.25e-05,0,1.0553831e-05,0.00026248398,2915386.5
0,4.5e-05,-7.5e-06,4.6630401e-05,0.00011989092,1950877.7
0,4.5e-05,-5e-06,4.4065884e-05,0.00012416161,2059779.3
0,4.5e-05,-2.5e-06,4.199297e-05,0.0001281409,2142617.4
0,4.5e-05,0,4.0300628e-05,0.00013192458,2214951.1
0,4.25e-05,-7.5e-06,3.2067204e-05,0.00014520256,4437249.9
0,4.25e-05,-5e-06,3.0982893e-05,0.00014675065,4389837.2
0,4.25e-05,-2.5e-06,2.9940676e-05,0.00014823993,4378372.5
0,4.25e-05,0,2.8907427e-05,0.00014970487,4246089.3
0,4e-05,-7.5e-06,2.5132376e-05,0.0001588404,3707632.9
0,4e-05,-5e-06,2.420359e-05,0.00016030938,3692666.1
0,4e-05,-2.5e-06,2.3340934e-05,0.00016175795,3700627.6
0,4e-05,0,2.2614103e-05,0.00016318798,3682603.4
0,3.75e-05,-7.5e-06,2.0524315e-05,0.00017242606,3439833
0,3.75e-05,-5e-06,2.0081768e-05,0.00017378479,3456144.4
0,3.75e-05,-2.5e-06,1.9698371e-05,0.00017511601,3471894.5
0,3.75e-05,0,1.9364159e-05,0.00017641934,3464893
0,3.5e-05,-7.5e-06,1.758329e-05,0.00018565848,3253734
0,3.5e-05,-5e-06,1.7226117e-05,0.00018690162,3161369.2
0,3.5e-05,-2.5e-06,1.6870039e-05,0.00018810422,3198985.1
0,3.5e-05,0,1.6521577e-05,0.00018926136,3229085.7
0,3.25e-05,-7.5e-06,1.5342536e-05,0.00020028024,2601500.5
0,3.25e-05,-5e-06,1.5022225e-05,0.00020151509,2572869.7
0,3.25e-05,-2.5e-06,1.4698108e-05,0.00020277925,2526495.3
0,3.25e-05,0,1.4379744e-05,0.00020408616,2492274.4
